instance_id,instance_type,n_customers,n_vehicles,vehicle_capacity_kg,speed_offpeak_kmph,speed_peak_kmph,road_circuity,node_id,node_type,lat,lon,pickup_kg,service_min,tw_start_min,tw_end_min,food_deadline_min,urgent,meal_period
I000,R,10,3,150.0,24.8,19.0,1.35,0,depot_hub,19.24895,72.83998,0.0,0.0,0,1800,1800,0,none
I000,R,10,3,150.0,24.8,19.0,1.35,1,donor_kitchen,19.03432,72.8945,45.2,11.9,1271,1356,1393,1,dinner
I000,R,10,3,150.0,24.8,19.0,1.35,2,donor_kitchen,19.10513,72.86816,30.6,11.9,840,940,1187,0,lunch
I000,R,10,3,150.0,24.8,19.0,1.35,3,donor_kitchen,19.00178,72.89658,10.2,13.6,1244,1310,1483,0,dinner
I000,R,10,3,150.0,24.8,19.0,1.35,4,donor_kitchen,18.99989,72.86151,20.5,9.2,1254,1394,1628,0,dinner
I000,R,10,3,150.0,24.8,19.0,1.35,5,donor_kitchen,19.24545,72.99106,30.0,10.6,1268,1351,1671,0,dinner
I000,R,10,3,150.0,24.8,19.0,1.35,6,donor_kitchen,18.90872,72.82802,15.6,12.0,847,1087,1201,0,lunch
I000,R,10,3,150.0,24.8,19.0,1.35,7,donor_kitchen,19.29166,72.83845,41.6,12.3,853,920,1149,0,lunch
I000,R,10,3,150.0,24.8,19.0,1.35,8,donor_kitchen,19.05911,72.81436,28.6,9.2,918,1029,1057,1,lunch
I000,R,10,3,150.0,24.8,19.0,1.35,9,donor_kitchen,19.21699,72.86051,16.1,8.9,911,1054,1067,1,lunch
I000,R,10,3,150.0,24.8,19.0,1.35,10,donor_kitchen,19.09644,72.80687,36.0,11.8,1283,1418,1561,0,dinner
I001,C,10,5,500.0,28.4,13.3,1.35,0,depot_hub,19.24485,72.87498,0.0,0.0,0,1800,1800,0,none
I001,C,10,5,500.0,28.4,13.3,1.35,1,donor_kitchen,18.98651,72.79162,43.2,11.7,1258,1350,1494,0,dinner
I001,C,10,5,500.0,28.4,13.3,1.35,2,donor_kitchen,19.10759,72.87264,69.6,13.2,902,1057,1107,0,lunch
I001,C,10,5,500.0,28.4,13.3,1.35,3,donor_kitchen,18.95149,72.86364,20.9,7.9,918,994,1140,0,lunch
I001,C,10,5,500.0,28.4,13.3,1.35,4,donor_kitchen,19.13288,72.93637,40.6,13.6,1282,1355,1529,0,dinner
I001,C,10,5,500.0,28.4,13.3,1.35,5,donor_kitchen,19.12232,72.92221,33.4,8.5,1277,1353,1403,1,dinner
I001,C,10,5,500.0,28.4,13.3,1.35,6,donor_kitchen,18.96916,72.80779,20.1,9.3,854,985,995,1,lunch
I001,C,10,5,500.0,28.4,13.3,1.35,7,donor_kitchen,18.93969,72.82205,39.2,13.0,508,609,988,0,breakfast
I001,C,10,5,500.0,28.4,13.3,1.35,8,donor_kitchen,18.92546,72.83994,16.8,8.5,1241,1339,1700,0,dinner
I001,C,10,5,500.0,28.4,13.3,1.35,9,donor_kitchen,19.18964,72.97928,6.2,9.0,1251,1400,1574,0,dinner
I001,C,10,5,500.0,28.4,13.3,1.35,10,donor_kitchen,19.19831,72.92346,11.3,7.7,1281,1428,1420,1,dinner
I002,R,10,5,500.0,27.4,14.5,1.35,0,depot_hub,19.10412,72.91149,0.0,0.0,0,1800,1800,0,none
I002,R,10,5,500.0,27.4,14.5,1.35,1,donor_kitchen,19.05019,72.96676,34.2,11.4,900,996,1032,1,lunch
I002,R,10,5,500.0,27.4,14.5,1.35,2,donor_kitchen,18.95229,72.86439,42.4,11.0,1299,1445,1700,0,dinner
I002,R,10,5,500.0,27.4,14.5,1.35,3,donor_kitchen,19.11975,72.90023,17.5,11.5,872,996,1194,0,lunch
I002,R,10,5,500.0,27.4,14.5,1.35,4,donor_kitchen,19.02533,72.87736,13.6,10.6,925,1035,1405,0,lunch
I002,R,10,5,500.0,27.4,14.5,1.35,5,donor_kitchen,18.95749,72.96766,19.2,12.0,1318,1487,1648,0,dinner
I002,R,10,5,500.0,27.4,14.5,1.35,6,donor_kitchen,19.21862,72.87857,24.5,10.4,902,962,1205,0,lunch
I002,R,10,5,500.0,27.4,14.5,1.35,7,donor_kitchen,19.06134,72.84597,18.9,10.4,1298,1527,1684,0,dinner
I002,R,10,5,500.0,27.4,14.5,1.35,8,donor_kitchen,19.06365,72.89352,27.1,11.1,882,969,1222,0,lunch
I002,R,10,5,500.0,27.4,14.5,1.35,9,donor_kitchen,19.10434,72.8187,22.9,8.0,1289,1379,1528,0,dinner
I002,R,10,5,500.0,27.4,14.5,1.35,10,donor_kitchen,19.10926,72.92982,33.4,9.5,1295,1355,1700,0,dinner
I003,R,10,5,300.0,24.3,14.2,1.35,0,depot_hub,19.19507,72.97471,0.0,0.0,0,1800,1800,0,none
I003,R,10,5,300.0,24.3,14.2,1.35,1,donor_kitchen,18.98253,72.93352,25.0,12.2,882,1017,1105,0,lunch
I003,R,10,5,300.0,24.3,14.2,1.35,2,donor_kitchen,19.15704,72.88236,78.1,14.3,903,1013,1257,0,lunch
I003,R,10,5,300.0,24.3,14.2,1.35,3,donor_kitchen,18.90477,72.9363,68.3,13.0,1268,1407,1700,0,dinner
I003,R,10,5,300.0,24.3,14.2,1.35,4,donor_kitchen,19.27108,72.96077,94.5,12.2,1276,1336,1586,0,dinner
I003,R,10,5,300.0,24.3,14.2,1.35,5,donor_kitchen,18.94979,72.95185,10.8,8.7,905,1012,1079,1,lunch
I003,R,10,5,300.0,24.3,14.2,1.35,6,donor_kitchen,19.0305,72.82316,36.1,8.0,1301,1396,1422,1,dinner
I003,R,10,5,300.0,24.3,14.2,1.35,7,donor_kitchen,18.92757,72.81806,24.9,11.4,918,1046,1122,0,lunch
I003,R,10,5,300.0,24.3,14.2,1.35,8,donor_kitchen,19.27563,72.86119,6.9,9.5,840,949,1010,1,lunch
I003,R,10,5,300.0,24.3,14.2,1.35,9,donor_kitchen,18.97486,72.95168,11.8,9.4,1281,1417,1523,0,dinner
I003,R,10,5,300.0,24.3,14.2,1.35,10,donor_kitchen,19.19831,72.91967,57.8,16.3,894,1075,1323,0,lunch
I004,R,10,3,300.0,30.7,17.3,1.35,0,depot_hub,19.01952,72.85807,0.0,0.0,0,1800,1800,0,none
I004,R,10,3,300.0,30.7,17.3,1.35,1,donor_kitchen,18.93561,72.94654,22.6,9.8,888,992,996,0,lunch
I004,R,10,3,300.0,30.7,17.3,1.35,2,donor_kitchen,19.12518,72.80759,81.9,14.0,848,953,1019,1,lunch
I004,R,10,3,300.0,30.7,17.3,1.35,3,donor_kitchen,19.12601,72.97071,14.6,10.2,1257,1444,1550,0,dinner
I004,R,10,3,300.0,30.7,17.3,1.35,4,donor_kitchen,19.03136,72.96669,109.3,16.0,1255,1315,1576,0,dinner
I004,R,10,3,300.0,30.7,17.3,1.35,5,donor_kitchen,19.01773,72.99499,34.1,14.3,563,703,892,0,breakfast
I004,R,10,3,300.0,30.7,17.3,1.35,6,donor_kitchen,19.07801,72.85049,23.9,12.3,903,1023,1120,0,lunch
I004,R,10,3,300.0,30.7,17.3,1.35,7,donor_kitchen,19.18525,72.85109,33.0,12.2,859,1002,1003,1,lunch
I004,R,10,3,300.0,30.7,17.3,1.35,8,donor_kitchen,19.00718,72.98398,38.7,8.9,904,1030,1350,0,lunch
I004,R,10,3,300.0,30.7,17.3,1.35,9,donor_kitchen,19.06106,72.88034,25.9,10.3,1300,1453,1700,0,dinner
I004,R,10,3,300.0,30.7,17.3,1.35,10,donor_kitchen,19.25078,72.97045,10.5,9.7,917,977,1134,0,lunch
I005,C,10,3,300.0,25.7,15.0,1.35,0,depot_hub,19.11891,72.88967,0.0,0.0,0,1800,1800,0,none
I005,C,10,3,300.0,25.7,15.0,1.35,1,donor_kitchen,18.96482,72.82331,169.1,21.2,1283,1343,1700,0,dinner
I005,C,10,3,300.0,25.7,15.0,1.35,2,donor_kitchen,19.23909,72.85805,22.4,11.5,918,1055,1369,0,lunch
I005,C,10,3,300.0,25.7,15.0,1.35,3,donor_kitchen,19.21509,72.86694,14.9,8.8,1238,1389,1588,0,dinner
I005,C,10,3,300.0,25.7,15.0,1.35,4,donor_kitchen,19.00279,72.81799,50.1,10.0,1315,1461,1575,0,dinner
I005,C,10,3,300.0,25.7,15.0,1.35,5,donor_kitchen,19.00203,72.83469,21.2,9.1,926,1011,1254,0,lunch
I005,C,10,3,300.0,25.7,15.0,1.35,6,donor_kitchen,19.2088,72.89415,19.3,11.6,893,1022,1165,0,lunch
I005,C,10,3,300.0,25.7,15.0,1.35,7,donor_kitchen,18.97352,72.82189,66.8,13.5,1311,1391,1431,1,dinner
I005,C,10,3,300.0,25.7,15.0,1.35,8,donor_kitchen,19.01416,72.94543,43.9,12.7,855,1002,1173,0,lunch
I005,C,10,3,300.0,25.7,15.0,1.35,9,donor_kitchen,18.97944,72.8103,21.3,11.8,857,1058,1015,1,lunch
I005,C,10,3,300.0,25.7,15.0,1.35,10,donor_kitchen,18.96816,72.85514,62.3,13.4,1234,1409,1700,0,dinner
I006,R,10,4,150.0,26.1,11.6,1.35,0,depot_hub,19.19601,72.87881,0.0,0.0,0,1800,1800,0,none
I006,R,10,4,150.0,26.1,11.6,1.35,1,donor_kitchen,19.24294,72.8448,12.9,10.9,879,953,1359,0,lunch
I006,R,10,4,150.0,26.1,11.6,1.35,2,donor_kitchen,19.09311,72.94359,53.9,10.3,866,981,1096,0,lunch
I006,R,10,4,150.0,26.1,11.6,1.35,3,donor_kitchen,18.98665,72.84711,35.0,9.4,914,1031,1394,0,lunch
I006,R,10,4,150.0,26.1,11.6,1.35,4,donor_kitchen,19.05786,72.85916,39.7,11.4,846,973,1061,0,lunch
I006,R,10,4,150.0,26.1,11.6,1.35,5,donor_kitchen,19.0755,72.81169,8.4,8.7,1274,1383,1407,1,dinner
I006,R,10,4,150.0,26.1,11.6,1.35,6,donor_kitchen,19.22901,72.94116,69.5,14.4,923,1113,1086,1,lunch
I006,R,10,4,150.0,26.1,11.6,1.35,7,donor_kitchen,19.03867,72.93521,21.8,8.0,493,658,973,0,breakfast
I006,R,10,4,150.0,26.1,11.6,1.35,8,donor_kitchen,19.28528,72.87657,16.1,12.3,1317,1412,1594,0,dinner
I006,R,10,4,150.0,26.1,11.6,1.35,9,donor_kitchen,18.97459,72.93674,7.3,9.5,1263,1422,1641,0,dinner
I006,R,10,4,150.0,26.1,11.6,1.35,10,donor_kitchen,18.98909,72.98052,65.5,12.9,1230,1323,1440,0,dinner
I007,RC,10,5,500.0,26.0,12.7,1.35,0,depot_hub,19.10661,72.85329,0.0,0.0,0,1800,1800,0,none
I007,RC,10,5,500.0,26.0,12.7,1.35,1,donor_kitchen,19.11946,72.93474,42.3,11.7,923,992,1244,0,lunch
I007,RC,10,5,500.0,26.0,12.7,1.35,2,donor_kitchen,18.91301,72.82662,24.4,11.1,1253,1362,1507,0,dinner
I007,RC,10,5,500.0,26.0,12.7,1.35,3,donor_kitchen,19.2195,72.87651,83.0,13.8,870,1006,1338,0,lunch
I007,RC,10,5,500.0,26.0,12.7,1.35,4,donor_kitchen,18.91142,72.99523,29.4,10.9,859,998,1076,0,lunch
I007,RC,10,5,500.0,26.0,12.7,1.35,5,donor_kitchen,19.23557,72.96014,34.5,11.6,1265,1429,1401,1,dinner
I007,RC,10,5,500.0,26.0,12.7,1.35,6,donor_kitchen,19.24263,72.89022,45.0,15.0,898,1024,1148,0,lunch
I007,RC,10,5,500.0,26.0,12.7,1.35,7,donor_kitchen,19.07246,72.96502,9.7,10.2,841,952,1208,0,lunch
I007,RC,10,5,500.0,26.0,12.7,1.35,8,donor_kitchen,19.23177,72.88467,17.6,11.5,845,1003,1047,0,lunch
I007,RC,10,5,500.0,26.0,12.7,1.35,9,donor_kitchen,19.26405,72.91502,16.5,9.8,1287,1410,1593,0,dinner
I007,RC,10,5,500.0,26.0,12.7,1.35,10,donor_kitchen,19.21063,72.91692,20.5,10.2,1283,1357,1700,0,dinner
I008,R,10,3,500.0,25.4,11.7,1.35,0,depot_hub,18.96646,72.83629,0.0,0.0,0,1800,1800,0,none
I008,R,10,3,500.0,25.4,11.7,1.35,1,donor_kitchen,18.97375,72.99203,18.3,10.6,857,1029,1172,0,lunch
I008,R,10,3,500.0,25.4,11.7,1.35,2,donor_kitchen,18.91375,72.97784,22.0,12.4,1313,1400,1464,0,dinner
I008,R,10,3,500.0,25.4,11.7,1.35,3,donor_kitchen,19.10208,72.934,27.9,9.7,554,614,873,0,breakfast
I008,R,10,3,500.0,25.4,11.7,1.35,4,donor_kitchen,19.02268,72.84607,78.7,14.3,886,1082,1097,0,lunch
I008,R,10,3,500.0,25.4,11.7,1.35,5,donor_kitchen,19.14866,72.9182,100.2,14.9,506,606,924,0,breakfast
I008,R,10,3,500.0,25.4,11.7,1.35,6,donor_kitchen,19.23511,72.89377,17.9,9.7,1298,1427,1584,0,dinner
I008,R,10,3,500.0,25.4,11.7,1.35,7,donor_kitchen,19.0481,72.93929,43.0,13.0,1262,1414,1569,0,dinner
I008,R,10,3,500.0,25.4,11.7,1.35,8,donor_kitchen,19.21027,72.97853,22.9,11.8,880,1006,997,0,lunch
I008,R,10,3,500.0,25.4,11.7,1.35,9,donor_kitchen,19.09233,72.96833,27.5,10.2,863,1043,1055,0,lunch
I008,R,10,3,500.0,25.4,11.7,1.35,10,donor_kitchen,18.96479,72.85822,13.1,10.2,1307,1522,1584,0,dinner
I009,C,10,3,300.0,28.1,17.0,1.35,0,depot_hub,19.23998,72.90146,0.0,0.0,0,1800,1800,0,none
I009,C,10,3,300.0,28.1,17.0,1.35,1,donor_kitchen,19.2313,72.84252,15.6,10.9,1313,1477,1700,0,dinner
I009,C,10,3,300.0,28.1,17.0,1.35,2,donor_kitchen,18.98788,72.8614,32.5,13.8,1235,1295,1419,0,dinner
I009,C,10,3,300.0,28.1,17.0,1.35,3,donor_kitchen,19.231,72.9794,37.8,11.8,877,1004,1348,0,lunch
I009,C,10,3,300.0,28.1,17.0,1.35,4,donor_kitchen,18.96612,72.87202,17.8,12.5,1306,1429,1477,1,dinner
I009,C,10,3,300.0,28.1,17.0,1.35,5,donor_kitchen,19.19185,72.82492,41.5,9.6,898,1049,1134,0,lunch
I009,C,10,3,300.0,28.1,17.0,1.35,6,donor_kitchen,18.97486,72.91366,53.7,10.7,871,1021,1351,0,lunch
I009,C,10,3,300.0,28.1,17.0,1.35,7,donor_kitchen,18.94831,72.86705,33.0,12.7,1274,1463,1397,1,dinner
I009,C,10,3,300.0,28.1,17.0,1.35,8,donor_kitchen,19.22784,72.98244,65.0,14.4,873,974,1232,0,lunch
I009,C,10,3,300.0,28.1,17.0,1.35,9,donor_kitchen,19.22827,72.95085,13.5,10.8,1287,1461,1509,0,dinner
I009,C,10,3,300.0,28.1,17.0,1.35,10,donor_kitchen,18.9457,72.81937,48.3,12.0,871,946,1008,1,lunch
I010,RC,10,4,300.0,25.2,14.1,1.35,0,depot_hub,18.99035,72.93726,0.0,0.0,0,1800,1800,0,none
I010,RC,10,4,300.0,25.2,14.1,1.35,1,donor_kitchen,19.18052,72.98509,32.7,7.8,881,1038,1051,1,lunch
I010,RC,10,4,300.0,25.2,14.1,1.35,2,donor_kitchen,19.25679,72.91523,73.3,13.2,910,970,1390,0,lunch
I010,RC,10,4,300.0,25.2,14.1,1.35,3,donor_kitchen,18.98926,72.85946,44.6,12.5,896,1031,1020,1,lunch
I010,RC,10,4,300.0,25.2,14.1,1.35,4,donor_kitchen,19.00308,72.92429,23.8,9.0,863,928,1343,0,lunch
I010,RC,10,4,300.0,25.2,14.1,1.35,5,donor_kitchen,18.95602,72.81819,16.2,12.4,1291,1379,1527,0,dinner
I010,RC,10,4,300.0,25.2,14.1,1.35,6,donor_kitchen,19.17734,72.87094,17.1,11.3,845,967,1325,0,lunch
I010,RC,10,4,300.0,25.2,14.1,1.35,7,donor_kitchen,19.12269,72.89713,68.7,12.2,1305,1446,1700,0,dinner
I010,RC,10,4,300.0,25.2,14.1,1.35,8,donor_kitchen,19.10011,72.90731,17.6,9.4,1291,1432,1557,0,dinner
I010,RC,10,4,300.0,25.2,14.1,1.35,9,donor_kitchen,19.05381,72.88344,22.7,10.1,1316,1404,1578,0,dinner
I010,RC,10,4,300.0,25.2,14.1,1.35,10,donor_kitchen,19.19389,72.89322,130.5,18.2,844,1016,1260,0,lunch
I011,C,10,3,300.0,27.2,16.3,1.35,0,depot_hub,19.1698,72.86049,0.0,0.0,0,1800,1800,0,none
I011,C,10,3,300.0,27.2,16.3,1.35,1,donor_kitchen,18.91914,72.93345,22.1,12.1,537,683,773,0,breakfast
I011,C,10,3,300.0,27.2,16.3,1.35,2,donor_kitchen,19.01053,72.97783,18.0,11.1,1288,1408,1595,0,dinner
I011,C,10,3,300.0,27.2,16.3,1.35,3,donor_kitchen,18.9721,72.94794,45.9,14.5,911,1059,1149,0,lunch
I011,C,10,3,300.0,27.2,16.3,1.35,4,donor_kitchen,19.21837,72.86524,16.3,9.1,568,640,881,0,breakfast
I011,C,10,3,300.0,27.2,16.3,1.35,5,donor_kitchen,19.23446,72.86168,4.7,10.1,1319,1438,1670,0,dinner
I011,C,10,3,300.0,27.2,16.3,1.35,6,donor_kitchen,19.03148,72.95253,35.9,9.6,925,1075,1190,0,lunch
I011,C,10,3,300.0,27.2,16.3,1.35,7,donor_kitchen,19.20836,72.83525,21.0,10.9,1250,1389,1544,0,dinner
I011,C,10,3,300.0,27.2,16.3,1.35,8,donor_kitchen,18.96345,72.92673,21.6,10.4,869,1044,1069,0,lunch
I011,C,10,3,300.0,27.2,16.3,1.35,9,donor_kitchen,19.18562,72.84972,25.3,12.1,1275,1396,1674,0,dinner
I011,C,10,3,300.0,27.2,16.3,1.35,10,donor_kitchen,19.21054,72.87073,56.6,12.0,868,961,1144,0,lunch
I012,RC,10,5,500.0,28.8,13.5,1.35,0,depot_hub,18.97278,72.96837,0.0,0.0,0,1800,1800,0,none
I012,RC,10,5,500.0,28.8,13.5,1.35,1,donor_kitchen,19.08752,72.90202,5.3,7.8,1282,1425,1526,0,dinner
I012,RC,10,5,500.0,28.8,13.5,1.35,2,donor_kitchen,18.90157,72.9558,9.2,9.9,885,1015,1062,1,lunch
I012,RC,10,5,500.0,28.8,13.5,1.35,3,donor_kitchen,19.27121,72.86841,25.4,9.5,1232,1322,1430,0,dinner
I012,RC,10,5,500.0,28.8,13.5,1.35,4,donor_kitchen,19.20175,72.80204,72.2,16.4,1249,1399,1519,0,dinner
I012,RC,10,5,500.0,28.8,13.5,1.35,5,donor_kitchen,19.21402,72.8901,14.6,10.2,903,1013,1299,0,lunch
I012,RC,10,5,500.0,28.8,13.5,1.35,6,donor_kitchen,18.99058,72.92668,45.3,11.2,1285,1460,1421,1,dinner
I012,RC,10,5,500.0,28.8,13.5,1.35,7,donor_kitchen,19.1376,72.81795,44.8,8.9,1259,1403,1573,0,dinner
I012,RC,10,5,500.0,28.8,13.5,1.35,8,donor_kitchen,18.98658,72.81513,7.3,6.7,884,1014,1182,0,lunch
I012,RC,10,5,500.0,28.8,13.5,1.35,9,donor_kitchen,19.17896,72.82862,27.3,11.7,1282,1343,1700,0,dinner
I012,RC,10,5,500.0,28.8,13.5,1.35,10,donor_kitchen,19.01135,72.83752,18.6,12.9,1231,1376,1638,0,dinner
I013,R,10,4,500.0,24.7,16.5,1.35,0,depot_hub,18.97002,72.87378,0.0,0.0,0,1800,1800,0,none
I013,R,10,4,500.0,24.7,16.5,1.35,1,donor_kitchen,18.90822,72.86219,95.7,16.3,480,540,609,1,breakfast
I013,R,10,4,500.0,24.7,16.5,1.35,2,donor_kitchen,19.17459,72.98828,84.0,15.8,891,982,1281,0,lunch
I013,R,10,4,500.0,24.7,16.5,1.35,3,donor_kitchen,19.01134,72.82491,15.9,8.6,866,955,1346,0,lunch
I013,R,10,4,500.0,24.7,16.5,1.35,4,donor_kitchen,19.12356,72.90615,19.0,9.5,494,682,912,0,breakfast
I013,R,10,4,500.0,24.7,16.5,1.35,5,donor_kitchen,18.98072,72.86553,19.2,11.4,901,1024,1282,0,lunch
I013,R,10,4,500.0,24.7,16.5,1.35,6,donor_kitchen,19.16578,72.89373,12.6,10.3,1310,1478,1434,1,dinner
I013,R,10,4,500.0,24.7,16.5,1.35,7,donor_kitchen,19.23287,72.81671,77.0,13.5,1259,1356,1538,0,dinner
I013,R,10,4,500.0,24.7,16.5,1.35,8,donor_kitchen,18.97776,72.92185,22.3,9.5,897,957,1017,1,lunch
I013,R,10,4,500.0,24.7,16.5,1.35,9,donor_kitchen,18.99797,72.95214,11.7,8.5,918,1017,1398,0,lunch
I013,R,10,4,500.0,24.7,16.5,1.35,10,donor_kitchen,18.9253,72.83366,34.9,11.2,847,974,1173,0,lunch
I014,C,10,5,300.0,24.9,12.1,1.35,0,depot_hub,19.20539,72.95924,0.0,0.0,0,1800,1800,0,none
I014,C,10,5,300.0,24.9,12.1,1.35,1,donor_kitchen,18.99954,72.94693,22.5,11.4,1236,1366,1495,0,dinner
I014,C,10,5,300.0,24.9,12.1,1.35,2,donor_kitchen,19.04505,72.85133,98.8,15.7,529,697,677,1,breakfast
I014,C,10,5,300.0,24.9,12.1,1.35,3,donor_kitchen,19.02408,72.83909,39.0,11.7,892,1017,1127,0,lunch
I014,C,10,5,300.0,24.9,12.1,1.35,4,donor_kitchen,19.07941,72.82317,23.3,9.3,858,1022,1338,0,lunch
I014,C,10,5,300.0,24.9,12.1,1.35,5,donor_kitchen,19.25131,72.96888,40.2,12.3,879,939,1165,0,lunch
I014,C,10,5,300.0,24.9,12.1,1.35,6,donor_kitchen,19.05484,72.81581,12.5,12.4,1310,1370,1680,0,dinner
I014,C,10,5,300.0,24.9,12.1,1.35,7,donor_kitchen,19.08844,72.97601,14.3,12.1,858,918,1303,0,lunch
I014,C,10,5,300.0,24.9,12.1,1.35,8,donor_kitchen,19.05029,72.80859,47.3,11.4,1318,1488,1700,0,dinner
I014,C,10,5,300.0,24.9,12.1,1.35,9,donor_kitchen,19.20306,72.82829,39.8,11.3,845,990,1000,1,lunch
I014,C,10,5,300.0,24.9,12.1,1.35,10,donor_kitchen,19.03076,72.94695,3.0,6.9,862,922,1185,0,lunch
I015,R,10,4,150.0,24.8,16.8,1.35,0,depot_hub,19.18009,72.90306,0.0,0.0,0,1800,1800,0,none
I015,R,10,4,150.0,24.8,16.8,1.35,1,donor_kitchen,19.26882,72.81112,25.9,11.9,847,987,1327,0,lunch
I015,R,10,4,150.0,24.8,16.8,1.35,2,donor_kitchen,19.09327,72.9348,11.7,8.1,1289,1467,1428,1,dinner
I015,R,10,4,150.0,24.8,16.8,1.35,3,donor_kitchen,18.92613,72.92844,49.3,11.7,1276,1367,1451,0,dinner
I015,R,10,4,150.0,24.8,16.8,1.35,4,donor_kitchen,19.00356,72.91934,95.2,13.3,871,1003,1070,0,lunch
I015,R,10,4,150.0,24.8,16.8,1.35,5,donor_kitchen,19.22913,72.99899,18.7,11.3,867,996,1115,0,lunch
I015,R,10,4,150.0,24.8,16.8,1.35,6,donor_kitchen,19.05533,72.85459,10.1,9.4,499,581,961,0,breakfast
I015,R,10,4,150.0,24.8,16.8,1.35,7,donor_kitchen,19.00203,72.92976,40.5,12.2,854,921,991,1,lunch
I015,R,10,4,150.0,24.8,16.8,1.35,8,donor_kitchen,19.24639,72.96229,12.7,9.5,925,1042,1079,1,lunch
I015,R,10,4,150.0,24.8,16.8,1.35,9,donor_kitchen,18.96116,72.9546,41.2,12.5,926,1052,1406,0,lunch
I015,R,10,4,150.0,24.8,16.8,1.35,10,donor_kitchen,19.26785,72.85181,68.4,12.5,848,932,1193,0,lunch
I016,RC,10,5,500.0,24.2,19.4,1.35,0,depot_hub,19.12487,72.8205,0.0,0.0,0,1800,1800,0,none
I016,RC,10,5,500.0,24.2,19.4,1.35,1,donor_kitchen,19.05106,72.8422,38.6,12.3,922,1058,1275,0,lunch
I016,RC,10,5,500.0,24.2,19.4,1.35,2,donor_kitchen,19.24633,72.84139,28.2,11.7,852,946,1332,0,lunch
I016,RC,10,5,500.0,24.2,19.4,1.35,3,donor_kitchen,18.9948,72.9908,66.5,14.6,1239,1305,1595,0,dinner
I016,RC,10,5,500.0,24.2,19.4,1.35,4,donor_kitchen,19.11093,72.82491,39.5,11.8,1303,1422,1477,0,dinner
I016,RC,10,5,500.0,24.2,19.4,1.35,5,donor_kitchen,19.00987,72.81287,16.5,10.4,1286,1420,1677,0,dinner
I016,RC,10,5,500.0,24.2,19.4,1.35,6,donor_kitchen,19.02646,72.93481,83.6,15.8,924,1000,1404,0,lunch
I016,RC,10,5,500.0,24.2,19.4,1.35,7,donor_kitchen,19.01573,72.93711,37.2,11.9,1273,1466,1567,0,dinner
I016,RC,10,5,500.0,24.2,19.4,1.35,8,donor_kitchen,19.03031,72.93069,39.5,10.5,1264,1385,1421,0,dinner
I016,RC,10,5,500.0,24.2,19.4,1.35,9,donor_kitchen,19.13009,72.94407,15.6,11.7,891,1043,1215,0,lunch
I016,RC,10,5,500.0,24.2,19.4,1.35,10,donor_kitchen,19.14383,72.96368,6.0,8.4,1285,1427,1662,0,dinner
I017,RC,10,5,500.0,27.4,12.7,1.35,0,depot_hub,19.18393,72.91461,0.0,0.0,0,1800,1800,0,none
I017,RC,10,5,500.0,27.4,12.7,1.35,1,donor_kitchen,19.25264,72.81214,13.7,10.1,1266,1429,1569,0,dinner
I017,RC,10,5,500.0,27.4,12.7,1.35,2,donor_kitchen,18.98289,72.99924,8.2,9.7,1230,1409,1546,0,dinner
I017,RC,10,5,500.0,27.4,12.7,1.35,3,donor_kitchen,18.96094,72.95709,33.4,10.9,1245,1320,1700,0,dinner
I017,RC,10,5,500.0,27.4,12.7,1.35,4,donor_kitchen,19.07228,72.89342,30.2,10.3,847,953,1152,0,lunch
I017,RC,10,5,500.0,27.4,12.7,1.35,5,donor_kitchen,19.21543,72.85385,50.8,13.7,911,984,1211,0,lunch
I017,RC,10,5,500.0,27.4,12.7,1.35,6,donor_kitchen,19.04317,72.97755,26.3,13.6,1284,1425,1545,0,dinner
I017,RC,10,5,500.0,27.4,12.7,1.35,7,donor_kitchen,19.12117,72.95888,20.4,10.3,872,932,1352,0,lunch
I017,RC,10,5,500.0,27.4,12.7,1.35,8,donor_kitchen,19.04771,72.9776,25.0,12.8,842,916,1026,0,lunch
I017,RC,10,5,500.0,27.4,12.7,1.35,9,donor_kitchen,19.09932,72.8738,12.2,11.5,897,1065,1079,0,lunch
I017,RC,10,5,500.0,27.4,12.7,1.35,10,donor_kitchen,19.10745,72.8049,32.5,8.5,1230,1330,1673,0,dinner
I018,R,10,4,300.0,24.5,15.1,1.35,0,depot_hub,19.05478,72.9229,0.0,0.0,0,1800,1800,0,none
I018,R,10,4,300.0,24.5,15.1,1.35,1,donor_kitchen,19.26577,72.85873,35.2,9.7,1234,1343,1380,1,dinner
I018,R,10,4,300.0,24.5,15.1,1.35,2,donor_kitchen,19.23022,72.8781,14.7,11.8,1275,1400,1570,0,dinner
I018,R,10,4,300.0,24.5,15.1,1.35,3,donor_kitchen,19.13111,72.86555,48.1,13.9,1245,1379,1700,0,dinner
I018,R,10,4,300.0,24.5,15.1,1.35,4,donor_kitchen,18.93746,72.86483,14.3,9.2,1281,1343,1514,0,dinner
I018,R,10,4,300.0,24.5,15.1,1.35,5,donor_kitchen,19.25046,72.89643,41.6,12.0,912,1004,1057,0,lunch
I018,R,10,4,300.0,24.5,15.1,1.35,6,donor_kitchen,18.93923,72.91253,25.2,10.3,1301,1498,1445,0,dinner
I018,R,10,4,300.0,24.5,15.1,1.35,7,donor_kitchen,19.25822,72.92593,117.8,16.8,1236,1369,1700,0,dinner
I018,R,10,4,300.0,24.5,15.1,1.35,8,donor_kitchen,19.02658,72.97417,133.3,17.7,1304,1448,1496,0,dinner
I018,R,10,4,300.0,24.5,15.1,1.35,9,donor_kitchen,19.26346,72.91083,47.8,12.4,891,1102,1339,0,lunch
I018,R,10,4,300.0,24.5,15.1,1.35,10,donor_kitchen,19.04932,72.88977,23.0,10.4,928,1063,1270,0,lunch
I019,C,10,4,300.0,25.6,15.6,1.35,0,depot_hub,18.99157,72.92609,0.0,0.0,0,1800,1800,0,none
I019,C,10,4,300.0,25.6,15.6,1.35,1,donor_kitchen,18.98263,72.99997,12.1,9.6,906,997,1070,1,lunch
I019,C,10,4,300.0,25.6,15.6,1.35,2,donor_kitchen,19.02095,72.88265,6.9,7.4,887,1013,1041,1,lunch
I019,C,10,4,300.0,25.6,15.6,1.35,3,donor_kitchen,18.98387,72.89176,29.2,12.2,890,1035,1185,0,lunch
I019,C,10,4,300.0,25.6,15.6,1.35,4,donor_kitchen,19.01077,72.86269,59.8,12.0,925,1069,1377,0,lunch
I019,C,10,4,300.0,25.6,15.6,1.35,5,donor_kitchen,19.00109,72.89768,18.9,12.1,1249,1309,1597,0,dinner
I019,C,10,4,300.0,25.6,15.6,1.35,6,donor_kitchen,19.21808,72.89316,13.6,10.3,1240,1408,1463,0,dinner
I019,C,10,4,300.0,25.6,15.6,1.35,7,donor_kitchen,19.00153,72.85891,18.5,12.0,909,1099,1179,0,lunch
I019,C,10,4,300.0,25.6,15.6,1.35,8,donor_kitchen,18.95591,72.97747,21.4,8.4,895,1029,1234,0,lunch
I019,C,10,4,300.0,25.6,15.6,1.35,9,donor_kitchen,18.97215,72.98633,26.0,11.8,857,988,1170,0,lunch
I019,C,10,4,300.0,25.6,15.6,1.35,10,donor_kitchen,19.01424,72.88251,14.8,10.9,1242,1358,1695,0,dinner
I020,R,25,6,150.0,26.2,16.2,1.35,0,depot_hub,19.13882,72.8885,0.0,0.0,0,1800,1800,0,none
I020,R,25,6,150.0,26.2,16.2,1.35,1,donor_kitchen,19.1449,72.81475,21.8,10.4,917,1113,1301,0,lunch
I020,R,25,6,150.0,26.2,16.2,1.35,2,donor_kitchen,19.22615,72.90422,11.1,8.1,854,962,1042,0,lunch
I020,R,25,6,150.0,26.2,16.2,1.35,3,donor_kitchen,18.96024,72.89817,26.9,10.4,847,1035,1095,0,lunch
I020,R,25,6,150.0,26.2,16.2,1.35,4,donor_kitchen,19.28771,72.9373,16.4,9.4,1253,1402,1700,0,dinner
I020,R,25,6,150.0,26.2,16.2,1.35,5,donor_kitchen,19.13914,72.98619,14.5,11.1,1289,1417,1414,1,dinner
I020,R,25,6,150.0,26.2,16.2,1.35,6,donor_kitchen,19.02835,72.89757,12.3,5.5,862,996,1015,1,lunch
I020,R,25,6,150.0,26.2,16.2,1.35,7,donor_kitchen,19.15477,72.93215,6.8,12.5,902,1012,1216,0,lunch
I020,R,25,6,150.0,26.2,16.2,1.35,8,donor_kitchen,19.16011,72.9365,45.7,14.1,845,905,1323,0,lunch
I020,R,25,6,150.0,26.2,16.2,1.35,9,donor_kitchen,19.06728,72.95366,15.5,6.8,864,1039,1344,0,lunch
I020,R,25,6,150.0,26.2,16.2,1.35,10,donor_kitchen,18.98294,72.86341,34.3,10.8,899,1021,1246,0,lunch
I020,R,25,6,150.0,26.2,16.2,1.35,11,donor_kitchen,18.96361,72.85077,24.4,10.8,905,1001,1385,0,lunch
I020,R,25,6,150.0,26.2,16.2,1.35,12,donor_kitchen,18.98724,72.8128,24.8,11.5,887,1063,1367,0,lunch
I020,R,25,6,150.0,26.2,16.2,1.35,13,donor_kitchen,18.98383,72.98541,18.9,9.6,902,998,1149,0,lunch
I020,R,25,6,150.0,26.2,16.2,1.35,14,donor_kitchen,18.95704,72.98952,8.9,10.5,1309,1488,1589,0,dinner
I020,R,25,6,150.0,26.2,16.2,1.35,15,donor_kitchen,19.24057,72.82161,16.2,8.7,881,1063,1158,0,lunch
I020,R,25,6,150.0,26.2,16.2,1.35,16,donor_kitchen,18.98189,72.86606,31.6,12.2,569,692,759,0,breakfast
I020,R,25,6,150.0,26.2,16.2,1.35,17,donor_kitchen,19.136,72.85167,13.8,9.7,1303,1425,1700,0,dinner
I020,R,25,6,150.0,26.2,16.2,1.35,18,donor_kitchen,19.20148,72.8109,8.2,9.1,886,1044,1027,1,lunch
I020,R,25,6,150.0,26.2,16.2,1.35,19,donor_kitchen,19.09414,72.9367,14.4,11.7,862,999,1047,0,lunch
I020,R,25,6,150.0,26.2,16.2,1.35,20,donor_kitchen,19.06656,72.8865,31.1,6.6,523,583,830,0,breakfast
I020,R,25,6,150.0,26.2,16.2,1.35,21,donor_kitchen,19.16619,72.94807,33.8,10.6,1288,1408,1471,0,dinner
I020,R,25,6,150.0,26.2,16.2,1.35,22,donor_kitchen,19.25379,72.95629,63.2,15.2,486,639,762,0,breakfast
I020,R,25,6,150.0,26.2,16.2,1.35,23,donor_kitchen,19.21334,72.94155,13.8,12.4,1289,1431,1700,0,dinner
I020,R,25,6,150.0,26.2,16.2,1.35,24,donor_kitchen,19.29006,72.83695,26.1,11.3,915,978,1395,0,lunch
I020,R,25,6,150.0,26.2,16.2,1.35,25,donor_kitchen,19.04275,72.92574,24.8,12.3,1319,1379,1494,1,dinner
I021,R,25,7,500.0,28.0,12.9,1.35,0,depot_hub,18.9649,72.94374,0.0,0.0,0,1800,1800,0,none
I021,R,25,7,500.0,28.0,12.9,1.35,1,donor_kitchen,19.12296,72.93259,24.4,10.3,1274,1486,1489,0,dinner
I021,R,25,7,500.0,28.0,12.9,1.35,2,donor_kitchen,18.91654,72.80571,108.8,16.8,1240,1369,1360,1,dinner
I021,R,25,7,500.0,28.0,12.9,1.35,3,donor_kitchen,19.01078,72.8523,47.6,14.1,916,976,1153,0,lunch
I021,R,25,7,500.0,28.0,12.9,1.35,4,donor_kitchen,18.93714,72.96869,26.9,11.7,1269,1396,1700,0,dinner
I021,R,25,7,500.0,28.0,12.9,1.35,5,donor_kitchen,19.20201,72.8566,13.1,11.9,927,1066,1377,0,lunch
I021,R,25,7,500.0,28.0,12.9,1.35,6,donor_kitchen,19.06081,72.85971,33.1,8.1,873,1063,996,1,lunch
I021,R,25,7,500.0,28.0,12.9,1.35,7,donor_kitchen,19.09343,72.93949,62.3,11.0,1256,1426,1408,0,dinner
I021,R,25,7,500.0,28.0,12.9,1.35,8,donor_kitchen,19.02136,72.91278,8.9,11.1,914,1005,1154,0,lunch
I021,R,25,7,500.0,28.0,12.9,1.35,9,donor_kitchen,18.90709,72.82784,18.2,10.4,863,982,1278,0,lunch
I021,R,25,7,500.0,28.0,12.9,1.35,10,donor_kitchen,19.18839,72.86605,51.6,13.0,1310,1474,1665,0,dinner
I021,R,25,7,500.0,28.0,12.9,1.35,11,donor_kitchen,18.97921,72.9741,46.4,11.5,891,973,1089,0,lunch
I021,R,25,7,500.0,28.0,12.9,1.35,12,donor_kitchen,18.90929,72.90981,11.9,12.3,555,668,724,1,breakfast
I021,R,25,7,500.0,28.0,12.9,1.35,13,donor_kitchen,18.93213,72.83164,34.5,11.4,895,1081,1082,0,lunch
I021,R,25,7,500.0,28.0,12.9,1.35,14,donor_kitchen,19.1845,72.95042,17.7,9.7,911,1020,1262,0,lunch
I021,R,25,7,500.0,28.0,12.9,1.35,15,donor_kitchen,19.20505,72.87891,40.0,12.7,1291,1461,1476,0,dinner
I021,R,25,7,500.0,28.0,12.9,1.35,16,donor_kitchen,19.1881,72.85662,14.0,10.2,906,1016,1284,0,lunch
I021,R,25,7,500.0,28.0,12.9,1.35,17,donor_kitchen,19.00135,72.80923,50.5,13.1,892,1013,1070,1,lunch
I021,R,25,7,500.0,28.0,12.9,1.35,18,donor_kitchen,18.91036,72.83481,39.4,11.5,1286,1402,1700,0,dinner
I021,R,25,7,500.0,28.0,12.9,1.35,19,donor_kitchen,18.93282,72.81545,18.9,9.7,844,909,1005,0,lunch
I021,R,25,7,500.0,28.0,12.9,1.35,20,donor_kitchen,19.12183,72.85251,20.4,10.7,561,727,1030,0,breakfast
I021,R,25,7,500.0,28.0,12.9,1.35,21,donor_kitchen,19.07273,72.86243,9.1,10.1,867,987,1115,0,lunch
I021,R,25,7,500.0,28.0,12.9,1.35,22,donor_kitchen,19.13415,72.87473,5.4,10.9,884,992,1187,0,lunch
I021,R,25,7,500.0,28.0,12.9,1.35,23,donor_kitchen,18.94234,72.82968,26.2,9.5,875,978,1119,0,lunch
I021,R,25,7,500.0,28.0,12.9,1.35,24,donor_kitchen,18.92362,72.90688,66.4,13.6,891,1030,1328,0,lunch
I021,R,25,7,500.0,28.0,12.9,1.35,25,donor_kitchen,19.29966,72.99599,10.5,9.2,845,1018,1024,0,lunch
I022,C,25,8,500.0,27.7,14.6,1.35,0,depot_hub,19.24587,72.90714,0.0,0.0,0,1800,1800,0,none
I022,C,25,8,500.0,27.7,14.6,1.35,1,donor_kitchen,19.2177,72.82102,33.9,10.4,878,968,1074,0,lunch
I022,C,25,8,500.0,27.7,14.6,1.35,2,donor_kitchen,18.9988,72.92017,15.3,8.6,892,952,1140,0,lunch
I022,C,25,8,500.0,27.7,14.6,1.35,3,donor_kitchen,19.02423,72.90668,29.3,12.0,888,1086,1368,0,lunch
I022,C,25,8,500.0,27.7,14.6,1.35,4,donor_kitchen,18.99668,72.94162,14.5,10.8,1284,1428,1700,0,dinner
I022,C,25,8,500.0,27.7,14.6,1.35,5,donor_kitchen,19.20313,72.81874,36.0,9.2,904,1048,1050,1,lunch
I022,C,25,8,500.0,27.7,14.6,1.35,6,donor_kitchen,19.01634,72.92992,13.6,9.5,558,698,853,0,breakfast
I022,C,25,8,500.0,27.7,14.6,1.35,7,donor_kitchen,19.02756,72.95555,13.2,11.5,1254,1349,1700,0,dinner
I022,C,25,8,500.0,27.7,14.6,1.35,8,donor_kitchen,19.20546,72.82901,17.0,10.2,917,1005,1049,1,lunch
I022,C,25,8,500.0,27.7,14.6,1.35,9,donor_kitchen,19.06596,72.91595,45.8,10.0,860,983,1229,0,lunch
I022,C,25,8,500.0,27.7,14.6,1.35,10,donor_kitchen,19.10216,72.84387,47.7,11.3,1243,1364,1375,1,dinner
I022,C,25,8,500.0,27.7,14.6,1.35,11,donor_kitchen,19.22627,72.81504,34.6,8.9,1292,1402,1700,0,dinner
I022,C,25,8,500.0,27.7,14.6,1.35,12,donor_kitchen,19.09108,72.89074,26.4,11.3,1315,1394,1591,0,dinner
I022,C,25,8,500.0,27.7,14.6,1.35,13,donor_kitchen,19.11211,72.88633,40.6,12.4,1275,1368,1541,0,dinner
I022,C,25,8,500.0,27.7,14.6,1.35,14,donor_kitchen,19.01755,72.94932,29.0,12.0,882,994,1362,0,lunch
I022,C,25,8,500.0,27.7,14.6,1.35,15,donor_kitchen,19.13864,72.84362,15.2,7.9,1239,1371,1604,0,dinner
I022,C,25,8,500.0,27.7,14.6,1.35,16,donor_kitchen,19.10926,72.88105,66.7,12.4,1304,1477,1585,0,dinner
I022,C,25,8,500.0,27.7,14.6,1.35,17,donor_kitchen,19.00683,72.95624,7.7,12.4,862,968,1155,0,lunch
I022,C,25,8,500.0,27.7,14.6,1.35,18,donor_kitchen,18.99711,72.94488,45.3,12.1,852,957,1165,0,lunch
I022,C,25,8,500.0,27.7,14.6,1.35,19,donor_kitchen,19.10793,72.88409,25.1,9.0,867,956,1245,0,lunch
I022,C,25,8,500.0,27.7,14.6,1.35,20,donor_kitchen,18.98946,72.95368,37.6,8.9,1301,1439,1700,0,dinner
I022,C,25,8,500.0,27.7,14.6,1.35,21,donor_kitchen,19.17977,72.82596,116.5,19.0,1317,1475,1613,0,dinner
I022,C,25,8,500.0,27.7,14.6,1.35,22,donor_kitchen,19.22065,72.83151,20.0,9.4,850,910,1270,0,lunch
I022,C,25,8,500.0,27.7,14.6,1.35,23,donor_kitchen,18.98691,72.92848,12.7,10.7,863,948,1187,0,lunch
I022,C,25,8,500.0,27.7,14.6,1.35,24,donor_kitchen,19.00844,72.96106,42.1,10.3,1298,1501,1477,0,dinner
I022,C,25,8,500.0,27.7,14.6,1.35,25,donor_kitchen,18.99414,72.93225,49.4,12.8,897,1052,1090,0,lunch
I023,RC,25,8,500.0,25.4,14.1,1.35,0,depot_hub,19.10493,72.95556,0.0,0.0,0,1800,1800,0,none
I023,RC,25,8,500.0,25.4,14.1,1.35,1,donor_kitchen,18.94446,72.9981,10.3,9.5,1233,1353,1435,0,dinner
I023,RC,25,8,500.0,25.4,14.1,1.35,2,donor_kitchen,19.28985,72.80314,20.1,7.8,921,1030,1261,0,lunch
I023,RC,25,8,500.0,25.4,14.1,1.35,3,donor_kitchen,19.23628,72.86305,18.2,8.9,842,985,996,1,lunch
I023,RC,25,8,500.0,25.4,14.1,1.35,4,donor_kitchen,19.25185,72.86571,32.2,12.3,1274,1434,1520,0,dinner
I023,RC,25,8,500.0,25.4,14.1,1.35,5,donor_kitchen,19.04105,72.86294,9.1,9.7,867,1009,1111,0,lunch
I023,RC,25,8,500.0,25.4,14.1,1.35,6,donor_kitchen,18.99333,72.89744,7.7,10.1,858,1017,1221,0,lunch
I023,RC,25,8,500.0,25.4,14.1,1.35,7,donor_kitchen,19.25073,72.99468,9.1,7.0,924,986,1046,1,lunch
I023,RC,25,8,500.0,25.4,14.1,1.35,8,donor_kitchen,19.08926,72.86684,36.7,6.8,1279,1380,1700,0,dinner
I023,RC,25,8,500.0,25.4,14.1,1.35,9,donor_kitchen,18.96668,72.81381,27.4,13.1,1257,1346,1534,0,dinner
I023,RC,25,8,500.0,25.4,14.1,1.35,10,donor_kitchen,19.258,72.97811,33.9,13.5,879,994,1258,0,lunch
I023,RC,25,8,500.0,25.4,14.1,1.35,11,donor_kitchen,19.04335,72.80042,26.7,11.4,872,1013,1020,0,lunch
I023,RC,25,8,500.0,25.4,14.1,1.35,12,donor_kitchen,19.22492,72.94265,38.8,10.9,1278,1377,1507,0,dinner
I023,RC,25,8,500.0,25.4,14.1,1.35,13,donor_kitchen,19.2057,72.87999,38.8,12.0,842,969,1096,0,lunch
I023,RC,25,8,500.0,25.4,14.1,1.35,14,donor_kitchen,19.2123,72.78994,129.0,18.7,870,1008,1350,0,lunch
I023,RC,25,8,500.0,25.4,14.1,1.35,15,donor_kitchen,19.00072,72.92719,55.5,10.7,920,1001,1153,0,lunch
I023,RC,25,8,500.0,25.4,14.1,1.35,16,donor_kitchen,19.22631,72.83075,4.2,9.9,1272,1438,1541,0,dinner
I023,RC,25,8,500.0,25.4,14.1,1.35,17,donor_kitchen,18.96232,72.84652,40.8,13.8,853,1013,1333,0,lunch
I023,RC,25,8,500.0,25.4,14.1,1.35,18,donor_kitchen,19.02891,72.92726,47.2,11.4,1258,1417,1482,0,dinner
I023,RC,25,8,500.0,25.4,14.1,1.35,19,donor_kitchen,19.00386,72.95639,45.8,10.7,483,621,804,0,breakfast
I023,RC,25,8,500.0,25.4,14.1,1.35,20,donor_kitchen,19.00365,72.90892,20.9,10.7,851,943,1331,0,lunch
I023,RC,25,8,500.0,25.4,14.1,1.35,21,donor_kitchen,18.95513,72.86726,70.0,13.4,532,704,734,0,breakfast
I023,RC,25,8,500.0,25.4,14.1,1.35,22,donor_kitchen,19.00388,72.93458,8.0,10.8,858,999,1178,0,lunch
I023,RC,25,8,500.0,25.4,14.1,1.35,23,donor_kitchen,19.24582,72.85989,44.2,14.4,884,944,1061,1,lunch
I023,RC,25,8,500.0,25.4,14.1,1.35,24,donor_kitchen,18.9919,72.95334,34.7,10.7,881,990,1285,0,lunch
I023,RC,25,8,500.0,25.4,14.1,1.35,25,donor_kitchen,18.96607,72.81783,17.0,7.9,870,1019,1007,1,lunch
I024,C,25,10,150.0,23.7,11.9,1.35,0,depot_hub,19.19855,72.90851,0.0,0.0,0,1800,1800,0,none
I024,C,25,10,150.0,23.7,11.9,1.35,1,donor_kitchen,19.04505,72.88925,6.5,9.0,919,1026,1099,0,lunch
I024,C,25,10,150.0,23.7,11.9,1.35,2,donor_kitchen,19.03615,72.95152,10.1,10.5,844,904,1093,0,lunch
I024,C,25,10,150.0,23.7,11.9,1.35,3,donor_kitchen,19.01474,72.82099,33.9,10.7,1278,1453,1427,1,dinner
I024,C,25,10,150.0,23.7,11.9,1.35,4,donor_kitchen,19.06839,72.8898,5.6,9.0,1283,1397,1654,0,dinner
I024,C,25,10,150.0,23.7,11.9,1.35,5,donor_kitchen,19.09165,72.84932,68.7,13.1,1315,1442,1447,0,dinner
I024,C,25,10,150.0,23.7,11.9,1.35,6,donor_kitchen,19.04027,72.80045,49.5,13.2,856,975,1088,0,lunch
I024,C,25,10,150.0,23.7,11.9,1.35,7,donor_kitchen,19.05579,72.88473,22.2,13.4,1284,1396,1700,0,dinner
I024,C,25,10,150.0,23.7,11.9,1.35,8,donor_kitchen,19.04729,72.8134,44.1,12.5,906,1031,1297,0,lunch
I024,C,25,10,150.0,23.7,11.9,1.35,9,donor_kitchen,19.03731,72.81546,17.0,10.9,917,995,1158,0,lunch
I024,C,25,10,150.0,23.7,11.9,1.35,10,donor_kitchen,19.03222,72.81471,55.6,13.1,877,1007,1206,0,lunch
I024,C,25,10,150.0,23.7,11.9,1.35,11,donor_kitchen,19.03459,72.90205,22.7,12.2,850,975,990,0,lunch
I024,C,25,10,150.0,23.7,11.9,1.35,12,donor_kitchen,19.01192,72.83241,23.3,12.0,1284,1405,1436,1,dinner
I024,C,25,10,150.0,23.7,11.9,1.35,13,donor_kitchen,19.05259,72.91103,33.5,13.3,514,598,786,0,breakfast
I024,C,25,10,150.0,23.7,11.9,1.35,14,donor_kitchen,19.03416,72.82787,55.8,14.5,850,996,1100,0,lunch
I024,C,25,10,150.0,23.7,11.9,1.35,15,donor_kitchen,19.05014,72.81349,28.3,10.7,868,1025,1018,1,lunch
I024,C,25,10,150.0,23.7,11.9,1.35,16,donor_kitchen,19.02829,72.80425,8.1,9.2,1230,1420,1554,0,dinner
I024,C,25,10,150.0,23.7,11.9,1.35,17,donor_kitchen,19.03784,72.93107,78.6,15.8,928,1014,1408,0,lunch
I024,C,25,10,150.0,23.7,11.9,1.35,18,donor_kitchen,19.01015,72.94946,13.0,8.7,860,983,1272,0,lunch
I024,C,25,10,150.0,23.7,11.9,1.35,19,donor_kitchen,19.10543,72.86738,15.6,7.4,844,904,1018,1,lunch
I024,C,25,10,150.0,23.7,11.9,1.35,20,donor_kitchen,19.05837,72.90809,40.5,9.2,870,970,1067,0,lunch
I024,C,25,10,150.0,23.7,11.9,1.35,21,donor_kitchen,19.00381,72.91252,40.8,11.4,892,1094,1372,0,lunch
I024,C,25,10,150.0,23.7,11.9,1.35,22,donor_kitchen,19.08792,72.86068,23.9,9.4,856,989,1126,0,lunch
I024,C,25,10,150.0,23.7,11.9,1.35,23,donor_kitchen,19.06167,72.93641,52.3,12.7,1259,1389,1559,0,dinner
I024,C,25,10,150.0,23.7,11.9,1.35,24,donor_kitchen,19.07024,72.87429,84.2,15.2,1294,1461,1472,1,dinner
I024,C,25,10,150.0,23.7,11.9,1.35,25,donor_kitchen,18.99379,72.94255,26.2,10.5,1282,1406,1457,1,dinner
I025,RC,25,8,500.0,23.4,13.0,1.35,0,depot_hub,18.98729,72.96784,0.0,0.0,0,1800,1800,0,none
I025,RC,25,8,500.0,23.4,13.0,1.35,1,donor_kitchen,18.9296,72.80346,12.0,10.6,1283,1426,1444,1,dinner
I025,RC,25,8,500.0,23.4,13.0,1.35,2,donor_kitchen,19.0443,72.80357,23.7,10.8,1284,1390,1700,0,dinner
I025,RC,25,8,500.0,23.4,13.0,1.35,3,donor_kitchen,19.0871,72.90927,17.7,12.2,1289,1409,1487,0,dinner
I025,RC,25,8,500.0,23.4,13.0,1.35,4,donor_kitchen,19.24209,72.84164,16.0,8.4,1318,1433,1484,0,dinner
I025,RC,25,8,500.0,23.4,13.0,1.35,5,donor_kitchen,19.03531,72.82351,50.6,13.8,919,1010,1210,0,lunch
I025,RC,25,8,500.0,23.4,13.0,1.35,6,donor_kitchen,19.09751,72.99465,49.3,12.8,920,1056,1024,0,lunch
I025,RC,25,8,500.0,23.4,13.0,1.35,7,donor_kitchen,19.22936,72.83989,24.6,9.8,1301,1361,1565,0,dinner
I025,RC,25,8,500.0,23.4,13.0,1.35,8,donor_kitchen,18.99446,72.8412,20.6,10.5,872,1018,1284,0,lunch
I025,RC,25,8,500.0,23.4,13.0,1.35,9,donor_kitchen,19.12039,72.89979,31.0,11.1,545,626,899,0,breakfast
I025,RC,25,8,500.0,23.4,13.0,1.35,10,donor_kitchen,19.13441,72.82267,13.3,11.3,894,954,1022,1,lunch
I025,RC,25,8,500.0,23.4,13.0,1.35,11,donor_kitchen,19.03339,72.85538,20.3,12.5,888,1021,1054,0,lunch
I025,RC,25,8,500.0,23.4,13.0,1.35,12,donor_kitchen,19.20154,72.80221,46.9,10.4,1266,1431,1557,0,dinner
I025,RC,25,8,500.0,23.4,13.0,1.35,13,donor_kitchen,19.15942,72.87206,13.0,9.3,859,1002,1068,0,lunch
I025,RC,25,8,500.0,23.4,13.0,1.35,14,donor_kitchen,19.19112,72.86928,16.7,7.4,919,1007,1086,1,lunch
I025,RC,25,8,500.0,23.4,13.0,1.35,15,donor_kitchen,19.11598,72.88756,161.4,18.2,845,943,1157,0,lunch
I025,RC,25,8,500.0,23.4,13.0,1.35,16,donor_kitchen,19.15157,72.86572,16.5,7.3,858,1030,1006,0,lunch
I025,RC,25,8,500.0,23.4,13.0,1.35,17,donor_kitchen,19.14226,72.87828,12.1,10.6,1254,1461,1661,0,dinner
I025,RC,25,8,500.0,23.4,13.0,1.35,18,donor_kitchen,19.1696,72.84058,60.1,11.8,869,1023,1313,0,lunch
I025,RC,25,8,500.0,23.4,13.0,1.35,19,donor_kitchen,19.12556,72.85329,27.3,13.8,929,1019,1103,0,lunch
I025,RC,25,8,500.0,23.4,13.0,1.35,20,donor_kitchen,19.11035,72.85143,22.1,10.7,904,999,966,0,lunch
I025,RC,25,8,500.0,23.4,13.0,1.35,21,donor_kitchen,19.10455,72.87167,20.9,10.6,915,1035,1165,0,lunch
I025,RC,25,8,500.0,23.4,13.0,1.35,22,donor_kitchen,19.11047,72.87007,32.9,11.8,1295,1356,1700,0,dinner
I025,RC,25,8,500.0,23.4,13.0,1.35,23,donor_kitchen,19.12657,72.83821,9.5,8.3,1302,1407,1474,0,dinner
I025,RC,25,8,500.0,23.4,13.0,1.35,24,donor_kitchen,19.1205,72.85031,33.9,11.9,864,992,995,1,lunch
I025,RC,25,8,500.0,23.4,13.0,1.35,25,donor_kitchen,19.13312,72.85437,42.5,11.1,1239,1420,1376,1,dinner
I026,C,25,6,300.0,24.2,15.3,1.35,0,depot_hub,19.12391,72.82139,0.0,0.0,0,1800,1800,0,none
I026,C,25,6,300.0,24.2,15.3,1.35,1,donor_kitchen,19.09105,72.84923,60.0,11.5,898,1042,1108,0,lunch
I026,C,25,6,300.0,24.2,15.3,1.35,2,donor_kitchen,19.08421,72.84313,39.7,10.8,855,922,985,0,lunch
I026,C,25,6,300.0,24.2,15.3,1.35,3,donor_kitchen,19.10646,72.82514,37.0,10.7,543,646,780,0,breakfast
I026,C,25,6,300.0,24.2,15.3,1.35,4,donor_kitchen,19.12973,72.88978,10.5,10.8,916,1002,1072,1,lunch
I026,C,25,6,300.0,24.2,15.3,1.35,5,donor_kitchen,19.11511,72.89546,70.6,13.0,1305,1371,1491,0,dinner
I026,C,25,6,300.0,24.2,15.3,1.35,6,donor_kitchen,19.26981,72.90807,19.3,11.4,1253,1341,1700,0,dinner
I026,C,25,6,300.0,24.2,15.3,1.35,7,donor_kitchen,19.14253,72.8939,27.5,8.7,895,1019,1269,0,lunch
I026,C,25,6,300.0,24.2,15.3,1.35,8,donor_kitchen,19.05003,72.8357,18.2,11.5,1273,1379,1493,0,dinner
I026,C,25,6,300.0,24.2,15.3,1.35,9,donor_kitchen,19.10548,72.88672,20.3,8.6,1274,1361,1615,0,dinner
I026,C,25,6,300.0,24.2,15.3,1.35,10,donor_kitchen,19.14394,72.86814,22.9,13.8,844,913,972,0,lunch
I026,C,25,6,300.0,24.2,15.3,1.35,11,donor_kitchen,19.07076,72.85475,35.9,10.2,923,1163,1403,0,lunch
I026,C,25,6,300.0,24.2,15.3,1.35,12,donor_kitchen,19.2521,72.91325,14.0,10.7,1263,1329,1393,1,dinner
I026,C,25,6,300.0,24.2,15.3,1.35,13,donor_kitchen,19.08849,72.84552,20.7,12.4,896,1016,1356,0,lunch
I026,C,25,6,300.0,24.2,15.3,1.35,14,donor_kitchen,19.15025,72.89287,7.4,9.0,883,964,1194,0,lunch
I026,C,25,6,300.0,24.2,15.3,1.35,15,donor_kitchen,19.25658,72.91402,9.7,8.7,1264,1397,1700,0,dinner
I026,C,25,6,300.0,24.2,15.3,1.35,16,donor_kitchen,19.23697,72.91754,5.8,9.2,1273,1359,1653,0,dinner
I026,C,25,6,300.0,24.2,15.3,1.35,17,donor_kitchen,19.23289,72.94686,17.4,11.0,1303,1400,1498,0,dinner
I026,C,25,6,300.0,24.2,15.3,1.35,18,donor_kitchen,19.14171,72.87298,55.0,13.8,906,1094,1183,0,lunch
I026,C,25,6,300.0,24.2,15.3,1.35,19,donor_kitchen,19.2691,72.917,55.7,14.0,853,961,1017,1,lunch
I026,C,25,6,300.0,24.2,15.3,1.35,20,donor_kitchen,19.12884,72.90889,17.6,12.3,863,923,1200,0,lunch
I026,C,25,6,300.0,24.2,15.3,1.35,21,donor_kitchen,19.13262,72.8826,35.8,12.3,896,1075,1322,0,lunch
I026,C,25,6,300.0,24.2,15.3,1.35,22,donor_kitchen,19.09096,72.83266,32.9,12.0,869,991,1349,0,lunch
I026,C,25,6,300.0,24.2,15.3,1.35,23,donor_kitchen,19.0871,72.81071,27.7,11.2,1290,1443,1508,0,dinner
I026,C,25,6,300.0,24.2,15.3,1.35,24,donor_kitchen,19.14049,72.86661,28.8,13.2,901,1066,1075,0,lunch
I026,C,25,6,300.0,24.2,15.3,1.35,25,donor_kitchen,19.23607,72.96989,18.8,13.0,1309,1400,1484,0,dinner
I027,R,25,10,150.0,25.5,13.9,1.35,0,depot_hub,19.14492,72.83512,0.0,0.0,0,1800,1800,0,none
I027,R,25,10,150.0,25.5,13.9,1.35,1,donor_kitchen,18.91961,72.9185,8.1,8.3,923,987,1217,0,lunch
I027,R,25,10,150.0,25.5,13.9,1.35,2,donor_kitchen,18.93679,72.84668,78.0,15.0,485,578,925,0,breakfast
I027,R,25,10,150.0,25.5,13.9,1.35,3,donor_kitchen,19.27149,72.88877,35.8,8.2,917,1097,1331,0,lunch
I027,R,25,10,150.0,25.5,13.9,1.35,4,donor_kitchen,19.08691,72.93788,13.4,8.5,883,1010,1057,1,lunch
I027,R,25,10,150.0,25.5,13.9,1.35,5,donor_kitchen,18.96118,72.99122,28.2,10.1,855,994,1101,0,lunch
I027,R,25,10,150.0,25.5,13.9,1.35,6,donor_kitchen,18.94131,72.8244,45.1,12.1,1234,1367,1638,0,dinner
I027,R,25,10,150.0,25.5,13.9,1.35,7,donor_kitchen,19.07199,72.84583,76.0,14.2,872,990,1221,0,lunch
I027,R,25,10,150.0,25.5,13.9,1.35,8,donor_kitchen,18.94403,72.9815,9.7,9.1,1283,1402,1530,0,dinner
I027,R,25,10,150.0,25.5,13.9,1.35,9,donor_kitchen,18.98267,72.90295,49.4,12.4,855,1037,1335,0,lunch
I027,R,25,10,150.0,25.5,13.9,1.35,10,donor_kitchen,19.24521,72.85189,64.0,11.3,900,1017,1191,0,lunch
I027,R,25,10,150.0,25.5,13.9,1.35,11,donor_kitchen,19.05885,72.94101,20.1,11.7,915,1099,1066,1,lunch
I027,R,25,10,150.0,25.5,13.9,1.35,12,donor_kitchen,19.21213,72.99334,80.2,11.2,1282,1408,1414,0,dinner
I027,R,25,10,150.0,25.5,13.9,1.35,13,donor_kitchen,18.96688,72.88196,16.2,8.4,905,1004,1300,0,lunch
I027,R,25,10,150.0,25.5,13.9,1.35,14,donor_kitchen,18.93292,72.97885,69.2,12.0,1280,1443,1462,0,dinner
I027,R,25,10,150.0,25.5,13.9,1.35,15,donor_kitchen,19.10005,72.85744,5.1,8.6,1231,1308,1410,1,dinner
I027,R,25,10,150.0,25.5,13.9,1.35,16,donor_kitchen,18.9288,72.90295,24.6,7.4,870,934,1327,0,lunch
I027,R,25,10,150.0,25.5,13.9,1.35,17,donor_kitchen,19.1786,72.88289,20.5,12.5,917,1073,1397,0,lunch
I027,R,25,10,150.0,25.5,13.9,1.35,18,donor_kitchen,19.00338,72.93261,20.6,11.5,875,1032,1078,0,lunch
I027,R,25,10,150.0,25.5,13.9,1.35,19,donor_kitchen,18.90999,72.89613,82.4,14.7,503,607,808,0,breakfast
I027,R,25,10,150.0,25.5,13.9,1.35,20,donor_kitchen,19.23255,72.87004,40.5,9.4,1281,1414,1403,1,dinner
I027,R,25,10,150.0,25.5,13.9,1.35,21,donor_kitchen,19.01081,72.83677,22.4,11.1,860,948,984,1,lunch
I027,R,25,10,150.0,25.5,13.9,1.35,22,donor_kitchen,19.11662,72.81248,61.8,14.8,922,1057,1077,1,lunch
I027,R,25,10,150.0,25.5,13.9,1.35,23,donor_kitchen,19.04725,72.81744,19.3,7.3,1299,1380,1441,1,dinner
I027,R,25,10,150.0,25.5,13.9,1.35,24,donor_kitchen,18.99462,72.98854,8.0,9.7,1300,1402,1476,1,dinner
I027,R,25,10,150.0,25.5,13.9,1.35,25,donor_kitchen,19.06342,72.93834,11.4,11.8,1250,1396,1571,0,dinner
I028,R,25,6,150.0,29.4,17.0,1.35,0,depot_hub,19.18415,72.92522,0.0,0.0,0,1800,1800,0,none
I028,R,25,6,150.0,29.4,17.0,1.35,1,donor_kitchen,18.97001,72.96069,30.3,12.1,1248,1383,1515,0,dinner
I028,R,25,6,150.0,29.4,17.0,1.35,2,donor_kitchen,19.14931,72.88698,16.6,13.0,893,975,1108,0,lunch
I028,R,25,6,150.0,29.4,17.0,1.35,3,donor_kitchen,18.98133,72.85933,80.5,13.4,903,1084,1236,0,lunch
I028,R,25,6,150.0,29.4,17.0,1.35,4,donor_kitchen,19.14299,72.97867,8.5,9.3,905,1111,1335,0,lunch
I028,R,25,6,150.0,29.4,17.0,1.35,5,donor_kitchen,18.935,72.81711,13.4,9.4,1307,1405,1484,0,dinner
I028,R,25,6,150.0,29.4,17.0,1.35,6,donor_kitchen,19.17077,72.92906,23.4,10.4,1288,1465,1444,0,dinner
I028,R,25,6,150.0,29.4,17.0,1.35,7,donor_kitchen,18.90458,72.81157,31.8,11.6,910,1030,1329,0,lunch
I028,R,25,6,150.0,29.4,17.0,1.35,8,donor_kitchen,19.11191,72.95842,12.2,11.4,501,676,672,0,breakfast
I028,R,25,6,150.0,29.4,17.0,1.35,9,donor_kitchen,19.17024,72.93629,17.9,11.9,899,1051,1203,0,lunch
I028,R,25,6,150.0,29.4,17.0,1.35,10,donor_kitchen,19.26846,72.9413,40.1,10.1,1306,1463,1700,0,dinner
I028,R,25,6,150.0,29.4,17.0,1.35,11,donor_kitchen,19.11549,72.86472,36.1,12.3,869,985,1081,0,lunch
I028,R,25,6,150.0,29.4,17.0,1.35,12,donor_kitchen,18.94603,72.99484,17.0,11.4,537,697,711,1,breakfast
I028,R,25,6,150.0,29.4,17.0,1.35,13,donor_kitchen,19.0255,72.97157,34.3,14.6,915,988,1081,0,lunch
I028,R,25,6,150.0,29.4,17.0,1.35,14,donor_kitchen,19.12648,72.91411,20.1,8.3,914,980,1252,0,lunch
I028,R,25,6,150.0,29.4,17.0,1.35,15,donor_kitchen,19.17044,72.90742,21.5,10.1,1252,1424,1654,0,dinner
I028,R,25,6,150.0,29.4,17.0,1.35,16,donor_kitchen,19.1186,72.82744,20.8,11.9,885,951,1313,0,lunch
I028,R,25,6,150.0,29.4,17.0,1.35,17,donor_kitchen,18.97557,72.89024,50.1,13.7,1254,1408,1700,0,dinner
I028,R,25,6,150.0,29.4,17.0,1.35,18,donor_kitchen,18.93367,72.83734,42.4,8.8,1233,1368,1434,0,dinner
I028,R,25,6,150.0,29.4,17.0,1.35,19,donor_kitchen,19.22116,72.85791,36.1,13.6,879,1061,1147,0,lunch
I028,R,25,6,150.0,29.4,17.0,1.35,20,donor_kitchen,19.23451,72.97733,6.6,11.7,1313,1419,1628,0,dinner
I028,R,25,6,150.0,29.4,17.0,1.35,21,donor_kitchen,19.29139,72.99666,10.9,9.2,902,1000,1249,0,lunch
I028,R,25,6,150.0,29.4,17.0,1.35,22,donor_kitchen,18.9806,72.94524,23.3,12.0,891,1023,1341,0,lunch
I028,R,25,6,150.0,29.4,17.0,1.35,23,donor_kitchen,19.29428,72.815,35.8,14.1,1286,1364,1700,0,dinner
I028,R,25,6,150.0,29.4,17.0,1.35,24,donor_kitchen,19.18124,72.94524,10.1,10.9,1291,1404,1700,0,dinner
I028,R,25,6,150.0,29.4,17.0,1.35,25,donor_kitchen,19.22585,72.99835,16.6,10.6,882,1067,1058,1,lunch
I029,RC,25,6,500.0,21.8,14.5,1.35,0,depot_hub,19.21262,72.86913,0.0,0.0,0,1800,1800,0,none
I029,RC,25,6,500.0,21.8,14.5,1.35,1,donor_kitchen,19.04748,72.89951,6.0,10.4,1245,1367,1523,0,dinner
I029,RC,25,6,500.0,21.8,14.5,1.35,2,donor_kitchen,19.29949,72.88172,99.1,15.6,844,911,1061,0,lunch
I029,RC,25,6,500.0,21.8,14.5,1.35,3,donor_kitchen,19.02475,72.86231,17.5,11.8,865,994,1058,0,lunch
I029,RC,25,6,500.0,21.8,14.5,1.35,4,donor_kitchen,19.17734,72.8731,32.8,15.6,918,984,1042,1,lunch
I029,RC,25,6,500.0,21.8,14.5,1.35,5,donor_kitchen,18.95071,72.91612,17.8,8.5,1309,1369,1596,0,dinner
I029,RC,25,6,500.0,21.8,14.5,1.35,6,donor_kitchen,19.23066,72.84156,26.8,11.1,535,680,796,0,breakfast
I029,RC,25,6,500.0,21.8,14.5,1.35,7,donor_kitchen,19.19702,72.80465,36.2,11.0,1243,1366,1665,0,dinner
I029,RC,25,6,500.0,21.8,14.5,1.35,8,donor_kitchen,19.19486,72.89561,33.2,10.6,877,1034,1123,0,lunch
I029,RC,25,6,500.0,21.8,14.5,1.35,9,donor_kitchen,19.03942,72.9312,16.0,8.5,923,1060,1403,0,lunch
I029,RC,25,6,500.0,21.8,14.5,1.35,10,donor_kitchen,19.17753,72.81296,48.3,15.9,1254,1380,1488,0,dinner
I029,RC,25,6,500.0,21.8,14.5,1.35,11,donor_kitchen,19.11802,72.86799,45.7,14.1,568,717,691,1,breakfast
I029,RC,25,6,500.0,21.8,14.5,1.35,12,donor_kitchen,18.95025,72.89247,35.5,10.8,1231,1291,1436,0,dinner
I029,RC,25,6,500.0,21.8,14.5,1.35,13,donor_kitchen,18.96488,72.96382,29.9,10.1,854,948,1188,0,lunch
I029,RC,25,6,500.0,21.8,14.5,1.35,14,donor_kitchen,19.01001,72.83425,87.1,16.6,1252,1369,1502,0,dinner
I029,RC,25,6,500.0,21.8,14.5,1.35,15,donor_kitchen,19.06678,72.93877,15.1,9.6,883,977,1363,0,lunch
I029,RC,25,6,500.0,21.8,14.5,1.35,16,donor_kitchen,18.97115,72.9406,19.5,11.4,896,991,1179,0,lunch
I029,RC,25,6,500.0,21.8,14.5,1.35,17,donor_kitchen,19.09525,72.9625,23.7,9.1,1256,1316,1435,0,dinner
I029,RC,25,6,500.0,21.8,14.5,1.35,18,donor_kitchen,19.06958,72.94227,43.6,12.6,913,1034,1089,1,lunch
I029,RC,25,6,500.0,21.8,14.5,1.35,19,donor_kitchen,18.96355,72.92071,14.6,10.4,928,1142,1408,0,lunch
I029,RC,25,6,500.0,21.8,14.5,1.35,20,donor_kitchen,18.9841,72.9837,25.4,10.7,1251,1363,1430,0,dinner
I029,RC,25,6,500.0,21.8,14.5,1.35,21,donor_kitchen,18.97327,72.94281,14.8,11.5,847,934,1120,0,lunch
I029,RC,25,6,500.0,21.8,14.5,1.35,22,donor_kitchen,18.95897,72.99224,17.4,11.0,929,1037,1100,0,lunch
I029,RC,25,6,500.0,21.8,14.5,1.35,23,donor_kitchen,19.00307,72.79861,103.7,16.6,866,1015,1040,1,lunch
I029,RC,25,6,500.0,21.8,14.5,1.35,24,donor_kitchen,18.96534,72.92205,29.6,11.8,1266,1387,1653,0,dinner
I029,RC,25,6,500.0,21.8,14.5,1.35,25,donor_kitchen,18.95638,72.96487,69.3,14.1,1251,1358,1560,0,dinner
I030,C,25,8,150.0,27.9,13.8,1.35,0,depot_hub,19.21205,72.97515,0.0,0.0,0,1800,1800,0,none
I030,C,25,8,150.0,27.9,13.8,1.35,1,donor_kitchen,18.99261,72.94395,195.0,22.2,897,1034,1169,0,lunch
I030,C,25,8,150.0,27.9,13.8,1.35,2,donor_kitchen,18.96832,72.93538,23.7,8.9,877,937,1357,0,lunch
I030,C,25,8,150.0,27.9,13.8,1.35,3,donor_kitchen,19.01593,72.9059,7.2,10.4,1317,1394,1700,0,dinner
I030,C,25,8,150.0,27.9,13.8,1.35,4,donor_kitchen,19.02081,73.01561,14.7,13.4,1277,1385,1424,1,dinner
I030,C,25,8,150.0,27.9,13.8,1.35,5,donor_kitchen,19.11112,72.84225,30.9,12.0,876,1004,1179,0,lunch
I030,C,25,8,150.0,27.9,13.8,1.35,6,donor_kitchen,18.97156,73.00338,6.3,8.6,530,626,830,0,breakfast
I030,C,25,8,150.0,27.9,13.8,1.35,7,donor_kitchen,19.05338,72.9016,15.3,9.7,1237,1319,1588,0,dinner
I030,C,25,8,150.0,27.9,13.8,1.35,8,donor_kitchen,19.07861,72.86935,18.3,11.5,1308,1433,1622,0,dinner
I030,C,25,8,150.0,27.9,13.8,1.35,9,donor_kitchen,19.0794,72.87826,18.3,11.7,1244,1331,1554,0,dinner
I030,C,25,8,150.0,27.9,13.8,1.35,10,donor_kitchen,19.05577,72.93753,14.4,8.0,1305,1491,1480,0,dinner
I030,C,25,8,150.0,27.9,13.8,1.35,11,donor_kitchen,19.00132,72.97173,9.7,11.0,899,1028,1233,0,lunch
I030,C,25,8,150.0,27.9,13.8,1.35,12,donor_kitchen,19.02156,72.91912,24.4,11.6,890,1045,1094,0,lunch
I030,C,25,8,150.0,27.9,13.8,1.35,13,donor_kitchen,18.95677,72.96983,55.8,12.0,900,960,1061,0,lunch
I030,C,25,8,150.0,27.9,13.8,1.35,14,donor_kitchen,18.99673,72.97984,15.0,10.6,900,992,1329,0,lunch
I030,C,25,8,150.0,27.9,13.8,1.35,15,donor_kitchen,19.0529,72.9064,23.2,10.3,1296,1415,1442,1,dinner
I030,C,25,8,150.0,27.9,13.8,1.35,16,donor_kitchen,18.94484,72.95514,42.3,10.8,885,1028,1162,0,lunch
I030,C,25,8,150.0,27.9,13.8,1.35,17,donor_kitchen,18.96102,72.93415,32.2,12.1,850,937,1103,0,lunch
I030,C,25,8,150.0,27.9,13.8,1.35,18,donor_kitchen,19.09802,72.8379,29.8,11.2,866,979,1284,0,lunch
I030,C,25,8,150.0,27.9,13.8,1.35,19,donor_kitchen,19.02225,72.97576,35.4,9.0,1236,1367,1414,1,dinner
I030,C,25,8,150.0,27.9,13.8,1.35,20,donor_kitchen,19.00952,72.96785,19.7,9.6,1296,1448,1444,0,dinner
I030,C,25,8,150.0,27.9,13.8,1.35,21,donor_kitchen,19.06965,72.84885,10.6,9.1,924,1063,1404,0,lunch
I030,C,25,8,150.0,27.9,13.8,1.35,22,donor_kitchen,18.95829,72.92651,47.8,12.6,1262,1390,1433,1,dinner
I030,C,25,8,150.0,27.9,13.8,1.35,23,donor_kitchen,19.1212,72.83396,22.6,9.4,1286,1435,1457,0,dinner
I030,C,25,8,150.0,27.9,13.8,1.35,24,donor_kitchen,18.94117,72.96743,6.4,8.6,507,574,869,0,breakfast
I030,C,25,8,150.0,27.9,13.8,1.35,25,donor_kitchen,19.05676,72.86044,7.5,9.9,869,1059,1089,0,lunch
I031,R,25,9,150.0,24.1,18.3,1.35,0,depot_hub,19.01873,72.8862,0.0,0.0,0,1800,1800,0,none
I031,R,25,9,150.0,24.1,18.3,1.35,1,donor_kitchen,19.22077,72.87796,195.0,25.1,524,633,692,0,breakfast
I031,R,25,9,150.0,24.1,18.3,1.35,2,donor_kitchen,19.20782,72.99326,29.8,9.2,877,1039,1111,0,lunch
I031,R,25,9,150.0,24.1,18.3,1.35,3,donor_kitchen,18.94133,72.87859,35.0,12.9,921,1081,1135,0,lunch
I031,R,25,9,150.0,24.1,18.3,1.35,4,donor_kitchen,19.27817,72.91968,27.9,11.1,898,997,1049,1,lunch
I031,R,25,9,150.0,24.1,18.3,1.35,5,donor_kitchen,19.10604,72.80535,68.5,11.5,914,1012,1230,0,lunch
I031,R,25,9,150.0,24.1,18.3,1.35,6,donor_kitchen,19.07279,72.95568,28.7,10.1,541,677,735,0,breakfast
I031,R,25,9,150.0,24.1,18.3,1.35,7,donor_kitchen,19.14302,72.90079,11.5,8.0,489,667,628,0,breakfast
I031,R,25,9,150.0,24.1,18.3,1.35,8,donor_kitchen,18.94751,72.98188,24.0,11.3,1275,1404,1612,0,dinner
I031,R,25,9,150.0,24.1,18.3,1.35,9,donor_kitchen,18.96348,72.92034,32.8,11.3,849,966,1141,0,lunch
I031,R,25,9,150.0,24.1,18.3,1.35,10,donor_kitchen,19.17648,72.91418,19.5,10.7,875,1008,1099,0,lunch
I031,R,25,9,150.0,24.1,18.3,1.35,11,donor_kitchen,19.20693,72.87958,28.0,9.8,925,985,1405,0,lunch
I031,R,25,9,150.0,24.1,18.3,1.35,12,donor_kitchen,18.95491,72.89117,71.9,12.2,900,1058,1045,1,lunch
I031,R,25,9,150.0,24.1,18.3,1.35,13,donor_kitchen,19.1213,72.82681,31.7,12.5,842,1006,1053,0,lunch
I031,R,25,9,150.0,24.1,18.3,1.35,14,donor_kitchen,19.18557,72.96537,13.2,14.3,843,992,1158,0,lunch
I031,R,25,9,150.0,24.1,18.3,1.35,15,donor_kitchen,19.21072,72.87481,24.1,10.3,906,1023,1110,0,lunch
I031,R,25,9,150.0,24.1,18.3,1.35,16,donor_kitchen,19.1411,72.80543,19.1,10.0,1239,1389,1504,0,dinner
I031,R,25,9,150.0,24.1,18.3,1.35,17,donor_kitchen,19.2401,72.92848,11.2,10.0,863,943,1343,0,lunch
I031,R,25,9,150.0,24.1,18.3,1.35,18,donor_kitchen,19.1,72.96865,28.8,7.3,883,1007,1363,0,lunch
I031,R,25,9,150.0,24.1,18.3,1.35,19,donor_kitchen,19.2407,72.99736,41.5,12.3,840,1014,1276,0,lunch
I031,R,25,9,150.0,24.1,18.3,1.35,20,donor_kitchen,19.04429,72.82627,6.0,9.1,1260,1365,1386,1,dinner
I031,R,25,9,150.0,24.1,18.3,1.35,21,donor_kitchen,19.0059,72.81172,31.3,10.2,536,649,810,0,breakfast
I031,R,25,9,150.0,24.1,18.3,1.35,22,donor_kitchen,19.19186,72.93226,25.6,10.6,898,1031,1171,0,lunch
I031,R,25,9,150.0,24.1,18.3,1.35,23,donor_kitchen,19.22105,72.99864,88.3,14.9,1286,1423,1570,0,dinner
I031,R,25,9,150.0,24.1,18.3,1.35,24,donor_kitchen,19.03858,72.9065,50.2,11.8,914,1042,1106,0,lunch
I031,R,25,9,150.0,24.1,18.3,1.35,25,donor_kitchen,19.14003,72.94519,51.8,12.4,1230,1464,1700,0,dinner
I032,R,25,8,150.0,30.2,17.2,1.35,0,depot_hub,18.9565,72.88772,0.0,0.0,0,1800,1800,0,none
I032,R,25,8,150.0,30.2,17.2,1.35,1,donor_kitchen,19.04583,72.81094,40.6,10.4,1256,1326,1386,0,dinner
I032,R,25,8,150.0,30.2,17.2,1.35,2,donor_kitchen,19.2404,72.8677,16.8,11.0,892,1057,1306,0,lunch
I032,R,25,8,150.0,30.2,17.2,1.35,3,donor_kitchen,18.94048,72.85028,33.2,8.7,1245,1305,1560,0,dinner
I032,R,25,8,150.0,30.2,17.2,1.35,4,donor_kitchen,19.26694,72.86137,58.6,10.3,885,980,1056,1,lunch
I032,R,25,8,150.0,30.2,17.2,1.35,5,donor_kitchen,19.29455,72.88441,18.8,12.5,842,1009,1063,0,lunch
I032,R,25,8,150.0,30.2,17.2,1.35,6,donor_kitchen,19.15267,72.98342,78.1,14.0,561,705,997,0,breakfast
I032,R,25,8,150.0,30.2,17.2,1.35,7,donor_kitchen,18.97923,72.97365,40.0,12.5,1310,1500,1599,0,dinner
I032,R,25,8,150.0,30.2,17.2,1.35,8,donor_kitchen,18.9977,72.80743,43.5,11.1,1277,1406,1625,0,dinner
I032,R,25,8,150.0,30.2,17.2,1.35,9,donor_kitchen,19.07314,72.90414,28.7,13.7,841,901,1314,0,lunch
I032,R,25,8,150.0,30.2,17.2,1.35,10,donor_kitchen,19.08618,72.84555,30.5,11.8,920,1071,1196,0,lunch
I032,R,25,8,150.0,30.2,17.2,1.35,11,donor_kitchen,19.06509,72.99442,35.6,12.5,921,1039,1192,0,lunch
I032,R,25,8,150.0,30.2,17.2,1.35,12,donor_kitchen,19.11533,72.94091,55.6,13.3,485,613,687,0,breakfast
I032,R,25,8,150.0,30.2,17.2,1.35,13,donor_kitchen,18.95075,72.93794,20.4,12.8,872,988,1168,0,lunch
I032,R,25,8,150.0,30.2,17.2,1.35,14,donor_kitchen,19.16342,72.89243,6.9,8.6,901,1053,1097,0,lunch
I032,R,25,8,150.0,30.2,17.2,1.35,15,donor_kitchen,18.98569,72.92022,26.4,11.9,850,968,974,1,lunch
I032,R,25,8,150.0,30.2,17.2,1.35,16,donor_kitchen,19.09273,72.80507,8.1,10.8,1319,1492,1700,0,dinner
I032,R,25,8,150.0,30.2,17.2,1.35,17,donor_kitchen,18.92532,72.83657,5.2,8.9,841,976,1321,0,lunch
I032,R,25,8,150.0,30.2,17.2,1.35,18,donor_kitchen,19.15674,72.98285,19.2,10.9,925,993,1243,0,lunch
I032,R,25,8,150.0,30.2,17.2,1.35,19,donor_kitchen,19.1723,72.94863,12.1,8.7,865,968,1263,0,lunch
I032,R,25,8,150.0,30.2,17.2,1.35,20,donor_kitchen,18.91955,72.83471,40.8,11.1,926,1089,1144,0,lunch
I032,R,25,8,150.0,30.2,17.2,1.35,21,donor_kitchen,19.0964,72.85739,39.7,11.3,908,1041,1149,0,lunch
I032,R,25,8,150.0,30.2,17.2,1.35,22,donor_kitchen,19.04632,72.87182,15.9,9.2,875,973,1355,0,lunch
I032,R,25,8,150.0,30.2,17.2,1.35,23,donor_kitchen,19.05016,72.96831,31.5,9.6,546,609,965,0,breakfast
I032,R,25,8,150.0,30.2,17.2,1.35,24,donor_kitchen,19.27543,72.81065,8.7,6.9,553,642,798,0,breakfast
I032,R,25,8,150.0,30.2,17.2,1.35,25,donor_kitchen,19.22669,72.91315,40.0,7.7,873,946,1045,1,lunch
I033,R,25,7,150.0,30.4,17.0,1.35,0,depot_hub,18.98076,72.8517,0.0,0.0,0,1800,1800,0,none
I033,R,25,7,150.0,30.4,17.0,1.35,1,donor_kitchen,18.94173,72.90332,17.3,9.6,856,990,1118,0,lunch
I033,R,25,7,150.0,30.4,17.0,1.35,2,donor_kitchen,19.04765,72.80888,36.5,11.9,848,974,1063,0,lunch
I033,R,25,7,150.0,30.4,17.0,1.35,3,donor_kitchen,19.17148,72.88858,9.8,9.9,871,988,1074,0,lunch
I033,R,25,7,150.0,30.4,17.0,1.35,4,donor_kitchen,19.17785,72.83099,8.2,11.4,1255,1392,1549,0,dinner
I033,R,25,7,150.0,30.4,17.0,1.35,5,donor_kitchen,19.15153,72.92282,92.2,14.9,544,672,830,0,breakfast
I033,R,25,7,150.0,30.4,17.0,1.35,6,donor_kitchen,19.25766,72.92902,23.1,10.9,1254,1368,1429,0,dinner
I033,R,25,7,150.0,30.4,17.0,1.35,7,donor_kitchen,19.05843,72.88345,39.4,13.0,1299,1402,1573,0,dinner
I033,R,25,7,150.0,30.4,17.0,1.35,8,donor_kitchen,18.95371,72.87453,17.6,11.2,924,1043,1076,1,lunch
I033,R,25,7,150.0,30.4,17.0,1.35,9,donor_kitchen,18.93623,72.92227,19.0,14.1,486,599,825,0,breakfast
I033,R,25,7,150.0,30.4,17.0,1.35,10,donor_kitchen,19.07748,72.95358,13.7,8.7,841,1012,1054,0,lunch
I033,R,25,7,150.0,30.4,17.0,1.35,11,donor_kitchen,19.00384,72.97948,40.8,10.2,863,944,1019,1,lunch
I033,R,25,7,150.0,30.4,17.0,1.35,12,donor_kitchen,19.17597,72.87512,10.3,9.1,1290,1402,1621,0,dinner
I033,R,25,7,150.0,30.4,17.0,1.35,13,donor_kitchen,18.9886,72.96594,23.4,11.1,867,961,1306,0,lunch
I033,R,25,7,150.0,30.4,17.0,1.35,14,donor_kitchen,19.02826,72.94589,59.0,13.6,905,1009,1113,0,lunch
I033,R,25,7,150.0,30.4,17.0,1.35,15,donor_kitchen,19.1953,72.8932,73.3,15.7,844,952,1324,0,lunch
I033,R,25,7,150.0,30.4,17.0,1.35,16,donor_kitchen,18.96154,72.94637,28.9,10.2,1298,1358,1630,0,dinner
I033,R,25,7,150.0,30.4,17.0,1.35,17,donor_kitchen,19.08504,72.89565,11.5,9.2,893,957,1321,0,lunch
I033,R,25,7,150.0,30.4,17.0,1.35,18,donor_kitchen,19.14926,72.98537,20.1,8.5,840,947,1076,0,lunch
I033,R,25,7,150.0,30.4,17.0,1.35,19,donor_kitchen,18.92193,72.98968,31.1,10.5,910,1029,1149,0,lunch
I033,R,25,7,150.0,30.4,17.0,1.35,20,donor_kitchen,19.21149,72.93517,22.8,10.9,1283,1413,1463,0,dinner
I033,R,25,7,150.0,30.4,17.0,1.35,21,donor_kitchen,18.98572,72.95462,21.6,12.9,844,971,1324,0,lunch
I033,R,25,7,150.0,30.4,17.0,1.35,22,donor_kitchen,19.22631,72.88915,17.0,10.8,858,1011,1004,1,lunch
I033,R,25,7,150.0,30.4,17.0,1.35,23,donor_kitchen,19.25999,72.95127,53.1,12.2,549,648,755,0,breakfast
I033,R,25,7,150.0,30.4,17.0,1.35,24,donor_kitchen,18.9304,72.81008,18.9,11.1,1243,1411,1406,1,dinner
I033,R,25,7,150.0,30.4,17.0,1.35,25,donor_kitchen,19.06956,72.91103,7.9,9.7,1252,1329,1408,1,dinner
I034,C,25,7,300.0,29.0,14.7,1.35,0,depot_hub,19.12645,72.94159,0.0,0.0,0,1800,1800,0,none
I034,C,25,7,300.0,29.0,14.7,1.35,1,donor_kitchen,18.96512,72.8409,13.0,12.0,914,1031,1208,0,lunch
I034,C,25,7,300.0,29.0,14.7,1.35,2,donor_kitchen,19.13702,72.92675,26.9,9.5,881,962,1013,1,lunch
I034,C,25,7,300.0,29.0,14.7,1.35,3,donor_kitchen,18.94305,72.80956,8.5,8.0,896,959,1376,0,lunch
I034,C,25,7,300.0,29.0,14.7,1.35,4,donor_kitchen,19.04708,72.95087,19.0,11.4,1282,1382,1414,0,dinner
I034,C,25,7,300.0,29.0,14.7,1.35,5,donor_kitchen,18.98209,72.80046,24.1,11.8,1287,1365,1534,0,dinner
I034,C,25,7,300.0,29.0,14.7,1.35,6,donor_kitchen,18.97063,72.8437,8.7,9.8,843,903,1194,0,lunch
I034,C,25,7,300.0,29.0,14.7,1.35,7,donor_kitchen,19.11849,72.93566,71.6,12.6,909,1117,1389,0,lunch
I034,C,25,7,300.0,29.0,14.7,1.35,8,donor_kitchen,18.91816,72.83038,22.6,9.3,850,966,1203,0,lunch
I034,C,25,7,300.0,29.0,14.7,1.35,9,donor_kitchen,18.95481,72.80424,26.8,11.2,533,739,954,0,breakfast
I034,C,25,7,300.0,29.0,14.7,1.35,10,donor_kitchen,19.11193,72.92897,80.9,16.2,882,1022,1109,0,lunch
I034,C,25,7,300.0,29.0,14.7,1.35,11,donor_kitchen,19.1172,72.96428,6.8,7.1,1317,1519,1519,0,dinner
I034,C,25,7,300.0,29.0,14.7,1.35,12,donor_kitchen,19.08294,72.94243,17.8,10.0,891,1004,1058,0,lunch
I034,C,25,7,300.0,29.0,14.7,1.35,13,donor_kitchen,18.9727,72.84935,22.9,9.2,853,913,1053,0,lunch
I034,C,25,7,300.0,29.0,14.7,1.35,14,donor_kitchen,19.12727,72.9027,25.1,13.3,889,973,1353,0,lunch
I034,C,25,7,300.0,29.0,14.7,1.35,15,donor_kitchen,18.95837,72.84541,75.3,14.6,879,1004,1005,0,lunch
I034,C,25,7,300.0,29.0,14.7,1.35,16,donor_kitchen,19.13455,72.92566,16.9,8.4,1303,1422,1433,1,dinner
I034,C,25,7,300.0,29.0,14.7,1.35,17,donor_kitchen,18.97147,72.84013,56.2,9.8,926,1074,1406,0,lunch
I034,C,25,7,300.0,29.0,14.7,1.35,18,donor_kitchen,19.10805,72.96358,6.4,6.8,534,643,700,0,breakfast
I034,C,25,7,300.0,29.0,14.7,1.35,19,donor_kitchen,19.11874,72.91083,10.0,9.0,884,1032,1301,0,lunch
I034,C,25,7,300.0,29.0,14.7,1.35,20,donor_kitchen,19.11336,72.94097,180.0,22.6,893,972,1250,0,lunch
I034,C,25,7,300.0,29.0,14.7,1.35,21,donor_kitchen,18.96957,72.81284,48.0,10.5,1245,1389,1578,0,dinner
I034,C,25,7,300.0,29.0,14.7,1.35,22,donor_kitchen,19.04824,72.99057,10.8,9.2,907,1060,1169,0,lunch
I034,C,25,7,300.0,29.0,14.7,1.35,23,donor_kitchen,18.96189,72.8444,9.2,6.9,854,1003,1002,1,lunch
I034,C,25,7,300.0,29.0,14.7,1.35,24,donor_kitchen,19.12177,72.94187,34.2,9.7,1232,1358,1700,0,dinner
I034,C,25,7,300.0,29.0,14.7,1.35,25,donor_kitchen,19.07095,72.92654,11.1,12.9,885,1004,1365,0,lunch
I035,C,25,7,500.0,25.1,12.3,1.35,0,depot_hub,18.99566,72.9342,0.0,0.0,0,1800,1800,0,none
I035,C,25,7,500.0,25.1,12.3,1.35,1,donor_kitchen,19.12324,72.88221,36.4,8.7,872,932,1161,0,lunch
I035,C,25,7,500.0,25.1,12.3,1.35,2,donor_kitchen,19.13953,72.88282,13.2,9.2,1276,1349,1504,0,dinner
I035,C,25,7,500.0,25.1,12.3,1.35,3,donor_kitchen,19.18488,72.87496,32.4,12.0,1275,1416,1621,0,dinner
I035,C,25,7,500.0,25.1,12.3,1.35,4,donor_kitchen,19.14437,72.92373,83.8,15.0,1311,1426,1523,0,dinner
I035,C,25,7,500.0,25.1,12.3,1.35,5,donor_kitchen,19.19466,72.85964,21.4,9.4,1285,1394,1579,0,dinner
I035,C,25,7,500.0,25.1,12.3,1.35,6,donor_kitchen,19.08209,72.9015,43.9,9.6,1292,1378,1572,0,dinner
I035,C,25,7,500.0,25.1,12.3,1.35,7,donor_kitchen,19.10799,72.88647,97.5,14.6,901,1079,1178,0,lunch
I035,C,25,7,500.0,25.1,12.3,1.35,8,donor_kitchen,19.11695,72.89682,10.6,11.9,877,965,998,1,lunch
I035,C,25,7,500.0,25.1,12.3,1.35,9,donor_kitchen,19.17965,72.86948,39.0,12.0,1259,1450,1700,0,dinner
I035,C,25,7,500.0,25.1,12.3,1.35,10,donor_kitchen,19.09457,72.91806,44.3,10.9,861,927,1341,0,lunch
I035,C,25,7,500.0,25.1,12.3,1.35,11,donor_kitchen,19.07399,72.90041,5.1,8.3,1295,1419,1573,0,dinner
I035,C,25,7,500.0,25.1,12.3,1.35,12,donor_kitchen,19.13244,72.87772,46.9,11.7,867,1039,1022,1,lunch
I035,C,25,7,500.0,25.1,12.3,1.35,13,donor_kitchen,19.13716,72.87476,68.9,12.6,1313,1413,1526,0,dinner
I035,C,25,7,500.0,25.1,12.3,1.35,14,donor_kitchen,19.16353,72.8431,12.2,10.1,848,945,1032,0,lunch
I035,C,25,7,500.0,25.1,12.3,1.35,15,donor_kitchen,19.15333,72.84464,19.2,10.3,507,658,829,0,breakfast
I035,C,25,7,500.0,25.1,12.3,1.35,16,donor_kitchen,19.18979,72.84617,7.1,10.5,1232,1308,1432,0,dinner
I035,C,25,7,500.0,25.1,12.3,1.35,17,donor_kitchen,19.10815,72.87524,17.1,11.2,1269,1366,1521,0,dinner
I035,C,25,7,500.0,25.1,12.3,1.35,18,donor_kitchen,19.1641,72.84964,12.6,10.1,1301,1463,1538,0,dinner
I035,C,25,7,500.0,25.1,12.3,1.35,19,donor_kitchen,19.13935,72.89586,10.5,8.1,1268,1372,1442,1,dinner
I035,C,25,7,500.0,25.1,12.3,1.35,20,donor_kitchen,19.20537,72.85804,70.5,12.2,886,1062,1200,0,lunch
I035,C,25,7,500.0,25.1,12.3,1.35,21,donor_kitchen,19.10582,72.85517,16.5,9.4,917,1021,1123,0,lunch
I035,C,25,7,500.0,25.1,12.3,1.35,22,donor_kitchen,19.12356,72.90318,19.8,11.2,881,1041,1145,0,lunch
I035,C,25,7,500.0,25.1,12.3,1.35,23,donor_kitchen,19.18571,72.85494,47.2,11.9,1307,1367,1453,1,dinner
I035,C,25,7,500.0,25.1,12.3,1.35,24,donor_kitchen,19.17798,72.90798,87.4,13.9,1249,1313,1675,0,dinner
I035,C,25,7,500.0,25.1,12.3,1.35,25,donor_kitchen,19.18272,72.85537,12.0,8.5,853,1017,1075,0,lunch
I036,R,25,7,300.0,26.5,14.9,1.35,0,depot_hub,18.9943,72.88607,0.0,0.0,0,1800,1800,0,none
I036,R,25,7,300.0,26.5,14.9,1.35,1,donor_kitchen,18.93778,72.95794,390.0,30.0,865,959,1014,0,lunch
I036,R,25,7,300.0,26.5,14.9,1.35,2,donor_kitchen,19.17451,72.84412,9.2,11.8,847,964,1291,0,lunch
I036,R,25,7,300.0,26.5,14.9,1.35,3,donor_kitchen,18.92289,72.97768,39.1,9.8,1235,1353,1428,0,dinner
I036,R,25,7,300.0,26.5,14.9,1.35,4,donor_kitchen,19.20367,72.9183,41.1,12.5,844,1041,1197,0,lunch
I036,R,25,7,300.0,26.5,14.9,1.35,5,donor_kitchen,19.08745,72.85468,127.4,20.1,895,993,1091,0,lunch
I036,R,25,7,300.0,26.5,14.9,1.35,6,donor_kitchen,19.25475,72.93033,47.6,13.4,1270,1411,1516,0,dinner
I036,R,25,7,300.0,26.5,14.9,1.35,7,donor_kitchen,19.07974,72.8834,59.0,14.4,899,1000,1178,0,lunch
I036,R,25,7,300.0,26.5,14.9,1.35,8,donor_kitchen,19.1976,72.99969,32.4,9.5,1239,1356,1458,0,dinner
I036,R,25,7,300.0,26.5,14.9,1.35,9,donor_kitchen,19.11979,72.89793,9.9,6.7,1275,1335,1490,0,dinner
I036,R,25,7,300.0,26.5,14.9,1.35,10,donor_kitchen,19.25024,72.99922,15.4,8.1,925,1081,1065,1,lunch
I036,R,25,7,300.0,26.5,14.9,1.35,11,donor_kitchen,18.99598,72.89378,23.4,12.1,882,968,1098,0,lunch
I036,R,25,7,300.0,26.5,14.9,1.35,12,donor_kitchen,19.26099,72.86393,14.8,12.5,1233,1421,1529,0,dinner
I036,R,25,7,300.0,26.5,14.9,1.35,13,donor_kitchen,19.01629,72.89332,40.2,11.6,537,664,713,0,breakfast
I036,R,25,7,300.0,26.5,14.9,1.35,14,donor_kitchen,18.92482,72.94456,33.4,11.8,1239,1373,1374,0,dinner
I036,R,25,7,300.0,26.5,14.9,1.35,15,donor_kitchen,19.27287,72.82114,44.7,11.0,1301,1458,1522,0,dinner
I036,R,25,7,300.0,26.5,14.9,1.35,16,donor_kitchen,19.2914,72.88603,6.5,9.0,1270,1393,1541,0,dinner
I036,R,25,7,300.0,26.5,14.9,1.35,17,donor_kitchen,19.09739,72.90508,20.2,11.4,537,700,788,0,breakfast
I036,R,25,7,300.0,26.5,14.9,1.35,18,donor_kitchen,19.21945,72.81343,29.4,9.4,1261,1333,1578,0,dinner
I036,R,25,7,300.0,26.5,14.9,1.35,19,donor_kitchen,19.14468,72.85303,31.0,10.9,886,1026,1273,0,lunch
I036,R,25,7,300.0,26.5,14.9,1.35,20,donor_kitchen,19.00826,72.84973,7.7,8.6,503,637,799,0,breakfast
I036,R,25,7,300.0,26.5,14.9,1.35,21,donor_kitchen,19.24785,72.8438,48.4,12.7,1261,1359,1443,0,dinner
I036,R,25,7,300.0,26.5,14.9,1.35,22,donor_kitchen,19.22782,72.9678,10.5,10.7,1311,1452,1464,0,dinner
I036,R,25,7,300.0,26.5,14.9,1.35,23,donor_kitchen,19.28096,72.89861,14.9,10.3,907,1016,1194,0,lunch
I036,R,25,7,300.0,26.5,14.9,1.35,24,donor_kitchen,19.24174,72.91875,48.1,12.7,919,1021,1236,0,lunch
I036,R,25,7,300.0,26.5,14.9,1.35,25,donor_kitchen,19.17227,72.8851,11.8,12.7,843,944,1141,0,lunch
I037,R,25,7,500.0,24.3,14.7,1.35,0,depot_hub,19.04931,72.84116,0.0,0.0,0,1800,1800,0,none
I037,R,25,7,500.0,24.3,14.7,1.35,1,donor_kitchen,19.05429,72.95728,23.0,7.8,1295,1423,1666,0,dinner
I037,R,25,7,500.0,24.3,14.7,1.35,2,donor_kitchen,19.1797,72.86888,19.6,6.5,1309,1399,1453,1,dinner
I037,R,25,7,500.0,24.3,14.7,1.35,3,donor_kitchen,19.23595,72.97515,28.6,9.9,564,725,973,0,breakfast
I037,R,25,7,500.0,24.3,14.7,1.35,4,donor_kitchen,18.9422,72.95335,21.0,8.8,883,959,1145,0,lunch
I037,R,25,7,500.0,24.3,14.7,1.35,5,donor_kitchen,19.23739,72.88371,7.6,6.5,915,1007,1063,1,lunch
I037,R,25,7,500.0,24.3,14.7,1.35,6,donor_kitchen,19.06998,72.82536,17.8,8.3,1302,1426,1428,0,dinner
I037,R,25,7,500.0,24.3,14.7,1.35,7,donor_kitchen,19.03803,72.87784,29.9,9.3,843,1069,1199,0,lunch
I037,R,25,7,500.0,24.3,14.7,1.35,8,donor_kitchen,19.01146,72.98248,53.6,15.1,873,1021,1353,0,lunch
I037,R,25,7,500.0,24.3,14.7,1.35,9,donor_kitchen,19.08268,72.83678,4.2,11.2,858,1006,1055,0,lunch
I037,R,25,7,500.0,24.3,14.7,1.35,10,donor_kitchen,18.93233,72.85474,51.0,13.5,908,994,1130,0,lunch
I037,R,25,7,500.0,24.3,14.7,1.35,11,donor_kitchen,19.17355,72.84709,70.7,13.3,918,1065,1052,1,lunch
I037,R,25,7,500.0,24.3,14.7,1.35,12,donor_kitchen,19.07235,72.97087,22.3,12.5,873,1009,1253,0,lunch
I037,R,25,7,500.0,24.3,14.7,1.35,13,donor_kitchen,19.05544,72.95709,30.3,9.5,1312,1485,1506,0,dinner
I037,R,25,7,500.0,24.3,14.7,1.35,14,donor_kitchen,19.1807,72.96121,13.3,9.5,842,902,1017,1,lunch
I037,R,25,7,500.0,24.3,14.7,1.35,15,donor_kitchen,19.16723,72.9029,21.7,12.8,1318,1442,1644,0,dinner
I037,R,25,7,500.0,24.3,14.7,1.35,16,donor_kitchen,18.97765,72.8512,12.9,7.2,855,915,1335,0,lunch
I037,R,25,7,500.0,24.3,14.7,1.35,17,donor_kitchen,19.23161,72.96526,17.3,12.9,884,1001,1175,0,lunch
I037,R,25,7,500.0,24.3,14.7,1.35,18,donor_kitchen,19.24242,72.91431,20.9,8.6,1247,1351,1417,1,dinner
I037,R,25,7,500.0,24.3,14.7,1.35,19,donor_kitchen,19.01118,72.94708,11.9,9.9,1287,1469,1442,1,dinner
I037,R,25,7,500.0,24.3,14.7,1.35,20,donor_kitchen,19.21768,72.87403,43.1,14.5,917,1051,1397,0,lunch
I037,R,25,7,500.0,24.3,14.7,1.35,21,donor_kitchen,19.29949,72.87842,15.0,10.8,905,1011,1302,0,lunch
I037,R,25,7,500.0,24.3,14.7,1.35,22,donor_kitchen,19.09981,72.9093,35.4,11.1,537,642,701,1,breakfast
I037,R,25,7,500.0,24.3,14.7,1.35,23,donor_kitchen,19.21315,72.89465,40.8,13.4,910,1021,1101,0,lunch
I037,R,25,7,500.0,24.3,14.7,1.35,24,donor_kitchen,19.11217,72.9266,9.9,8.9,888,1076,1263,0,lunch
I037,R,25,7,500.0,24.3,14.7,1.35,25,donor_kitchen,19.02235,72.87691,23.9,7.8,1318,1418,1497,0,dinner
I038,R,25,7,300.0,25.2,15.2,1.35,0,depot_hub,19.00336,72.933,0.0,0.0,0,1800,1800,0,none
I038,R,25,7,300.0,25.2,15.2,1.35,1,donor_kitchen,19.24693,72.8985,18.9,10.0,905,1086,1174,0,lunch
I038,R,25,7,300.0,25.2,15.2,1.35,2,donor_kitchen,18.95836,72.85452,40.0,11.5,925,1084,1213,0,lunch
I038,R,25,7,300.0,25.2,15.2,1.35,3,donor_kitchen,19.22438,72.83086,18.6,11.7,885,1003,1158,0,lunch
I038,R,25,7,300.0,25.2,15.2,1.35,4,donor_kitchen,19.21531,72.82948,18.0,9.1,865,993,1128,0,lunch
I038,R,25,7,300.0,25.2,15.2,1.35,5,donor_kitchen,18.9252,72.86319,21.8,12.0,855,975,1277,0,lunch
I038,R,25,7,300.0,25.2,15.2,1.35,6,donor_kitchen,19.0663,72.90366,19.3,7.9,1268,1328,1483,0,dinner
I038,R,25,7,300.0,25.2,15.2,1.35,7,donor_kitchen,18.93959,72.88007,34.0,11.0,905,1043,1245,0,lunch
I038,R,25,7,300.0,25.2,15.2,1.35,8,donor_kitchen,18.9067,72.94554,38.8,11.6,870,959,1350,0,lunch
I038,R,25,7,300.0,25.2,15.2,1.35,9,donor_kitchen,19.25094,72.92417,46.6,12.7,860,971,1161,0,lunch
I038,R,25,7,300.0,25.2,15.2,1.35,10,donor_kitchen,19.27829,72.84314,91.0,15.5,1231,1413,1514,0,dinner
I038,R,25,7,300.0,25.2,15.2,1.35,11,donor_kitchen,19.00256,72.85641,18.7,10.3,1239,1336,1388,1,dinner
I038,R,25,7,300.0,25.2,15.2,1.35,12,donor_kitchen,19.29186,72.87748,27.2,12.6,1234,1310,1411,0,dinner
I038,R,25,7,300.0,25.2,15.2,1.35,13,donor_kitchen,19.11621,72.81867,66.0,16.0,922,1075,1329,0,lunch
I038,R,25,7,300.0,25.2,15.2,1.35,14,donor_kitchen,19.10875,72.92535,40.0,11.3,843,978,1092,0,lunch
I038,R,25,7,300.0,25.2,15.2,1.35,15,donor_kitchen,19.14491,72.99722,19.5,9.9,866,995,1346,0,lunch
I038,R,25,7,300.0,25.2,15.2,1.35,16,donor_kitchen,19.24849,72.96956,30.9,10.1,1276,1404,1585,0,dinner
I038,R,25,7,300.0,25.2,15.2,1.35,17,donor_kitchen,18.9095,72.85994,18.8,10.7,1263,1410,1636,0,dinner
I038,R,25,7,300.0,25.2,15.2,1.35,18,donor_kitchen,19.23364,72.82471,31.9,12.6,1251,1311,1568,0,dinner
I038,R,25,7,300.0,25.2,15.2,1.35,19,donor_kitchen,19.13855,72.84953,7.4,8.8,1318,1474,1571,0,dinner
I038,R,25,7,300.0,25.2,15.2,1.35,20,donor_kitchen,19.07429,72.93028,12.3,9.4,1275,1417,1463,0,dinner
I038,R,25,7,300.0,25.2,15.2,1.35,21,donor_kitchen,19.29149,72.93896,15.2,8.7,1280,1437,1700,0,dinner
I038,R,25,7,300.0,25.2,15.2,1.35,22,donor_kitchen,19.03388,72.97444,15.0,12.7,879,1030,1143,0,lunch
I038,R,25,7,300.0,25.2,15.2,1.35,23,donor_kitchen,19.214,72.85559,27.7,9.6,1260,1383,1515,0,dinner
I038,R,25,7,300.0,25.2,15.2,1.35,24,donor_kitchen,19.02472,72.84481,46.6,11.0,1257,1328,1531,0,dinner
I038,R,25,7,300.0,25.2,15.2,1.35,25,donor_kitchen,19.24267,72.90276,28.3,11.2,855,918,988,1,lunch
I039,RC,25,8,300.0,25.1,12.4,1.35,0,depot_hub,19.0913,72.9624,0.0,0.0,0,1800,1800,0,none
I039,RC,25,8,300.0,25.1,12.4,1.35,1,donor_kitchen,19.02565,72.89689,13.5,9.5,914,1046,1294,0,lunch
I039,RC,25,8,300.0,25.1,12.4,1.35,2,donor_kitchen,19.02701,72.88414,35.3,12.6,1259,1366,1439,0,dinner
I039,RC,25,8,300.0,25.1,12.4,1.35,3,donor_kitchen,19.00226,72.96612,31.6,10.0,1278,1375,1594,0,dinner
I039,RC,25,8,300.0,25.1,12.4,1.35,4,donor_kitchen,19.29162,72.83394,13.3,8.9,1285,1423,1700,0,dinner
I039,RC,25,8,300.0,25.1,12.4,1.35,5,donor_kitchen,19.04805,72.85424,45.3,13.5,889,1040,1195,0,lunch
I039,RC,25,8,300.0,25.1,12.4,1.35,6,donor_kitchen,19.20913,72.91004,33.8,12.0,864,949,1256,0,lunch
I039,RC,25,8,300.0,25.1,12.4,1.35,7,donor_kitchen,18.92592,72.88827,22.4,9.7,910,1012,1202,0,lunch
I039,RC,25,8,300.0,25.1,12.4,1.35,8,donor_kitchen,19.12393,72.88782,16.6,9.4,882,949,1143,0,lunch
I039,RC,25,8,300.0,25.1,12.4,1.35,9,donor_kitchen,19.11301,72.99923,52.5,12.4,885,993,1159,0,lunch
I039,RC,25,8,300.0,25.1,12.4,1.35,10,donor_kitchen,19.24253,72.80857,24.2,10.0,900,1033,1093,0,lunch
I039,RC,25,8,300.0,25.1,12.4,1.35,11,donor_kitchen,19.28876,72.99815,24.3,11.0,907,1005,1073,1,lunch
I039,RC,25,8,300.0,25.1,12.4,1.35,12,donor_kitchen,18.90825,72.95945,60.8,13.4,888,1048,1258,0,lunch
I039,RC,25,8,300.0,25.1,12.4,1.35,13,donor_kitchen,19.13962,72.83259,35.9,11.1,904,1017,1151,0,lunch
I039,RC,25,8,300.0,25.1,12.4,1.35,14,donor_kitchen,19.13613,72.96829,13.3,8.2,1250,1325,1533,0,dinner
I039,RC,25,8,300.0,25.1,12.4,1.35,15,donor_kitchen,18.99554,72.84722,11.0,9.4,1242,1392,1368,1,dinner
I039,RC,25,8,300.0,25.1,12.4,1.35,16,donor_kitchen,18.98155,72.85608,44.4,11.7,899,1017,1062,0,lunch
I039,RC,25,8,300.0,25.1,12.4,1.35,17,donor_kitchen,19.00239,72.85823,25.7,9.1,1311,1423,1515,0,dinner
I039,RC,25,8,300.0,25.1,12.4,1.35,18,donor_kitchen,19.20281,72.99464,19.6,12.4,907,986,1184,0,lunch
I039,RC,25,8,300.0,25.1,12.4,1.35,19,donor_kitchen,18.98594,72.8479,11.8,10.8,900,1026,1255,0,lunch
I039,RC,25,8,300.0,25.1,12.4,1.35,20,donor_kitchen,19.14444,72.85182,34.4,12.3,870,973,1148,0,lunch
I039,RC,25,8,300.0,25.1,12.4,1.35,21,donor_kitchen,19.1214,72.91771,13.4,7.0,514,574,953,0,breakfast
I039,RC,25,8,300.0,25.1,12.4,1.35,22,donor_kitchen,18.98503,72.87008,50.9,11.9,1289,1477,1700,0,dinner
I039,RC,25,8,300.0,25.1,12.4,1.35,23,donor_kitchen,19.14667,72.99479,12.2,10.2,879,976,1244,0,lunch
I039,RC,25,8,300.0,25.1,12.4,1.35,24,donor_kitchen,19.15762,72.87119,12.2,9.9,1307,1448,1486,1,dinner
I039,RC,25,8,300.0,25.1,12.4,1.35,25,donor_kitchen,19.09979,72.88383,15.6,11.3,1233,1419,1392,1,dinner
I040,C,50,12,500.0,23.1,17.9,1.35,0,depot_hub,19.10601,72.83034,0.0,0.0,0,1800,1800,0,none
I040,C,50,12,500.0,23.1,17.9,1.35,1,donor_kitchen,19.04153,72.86577,16.8,9.7,926,1028,1096,1,lunch
I040,C,50,12,500.0,23.1,17.9,1.35,2,donor_kitchen,19.01995,72.87052,51.5,9.2,1313,1536,1700,0,dinner
I040,C,50,12,500.0,23.1,17.9,1.35,3,donor_kitchen,19.00087,72.86511,17.9,12.2,879,1011,1034,1,lunch
I040,C,50,12,500.0,23.1,17.9,1.35,4,donor_kitchen,19.16959,72.82786,15.1,8.4,1239,1304,1382,1,dinner
I040,C,50,12,500.0,23.1,17.9,1.35,5,donor_kitchen,19.01181,72.86537,46.8,12.2,1249,1340,1545,0,dinner
I040,C,50,12,500.0,23.1,17.9,1.35,6,donor_kitchen,19.05426,72.85086,27.0,11.7,1256,1405,1449,0,dinner
I040,C,50,12,500.0,23.1,17.9,1.35,7,donor_kitchen,19.03533,72.86433,32.3,12.0,1269,1369,1544,0,dinner
I040,C,50,12,500.0,23.1,17.9,1.35,8,donor_kitchen,19.04127,72.82216,48.7,12.4,1310,1447,1470,1,dinner
I040,C,50,12,500.0,23.1,17.9,1.35,9,donor_kitchen,19.02621,72.87635,10.0,10.8,849,909,1088,0,lunch
I040,C,50,12,500.0,23.1,17.9,1.35,10,donor_kitchen,19.0526,72.77641,16.2,11.1,843,938,1013,0,lunch
I040,C,50,12,500.0,23.1,17.9,1.35,11,donor_kitchen,19.15025,72.88152,42.9,11.8,868,1023,1191,0,lunch
I040,C,50,12,500.0,23.1,17.9,1.35,12,donor_kitchen,19.1544,72.874,10.5,11.3,1249,1383,1463,0,dinner
I040,C,50,12,500.0,23.1,17.9,1.35,13,donor_kitchen,19.13365,72.89463,18.6,11.9,907,1067,1131,0,lunch
I040,C,50,12,500.0,23.1,17.9,1.35,14,donor_kitchen,19.16855,72.87317,37.1,10.4,904,1001,1116,0,lunch
I040,C,50,12,500.0,23.1,17.9,1.35,15,donor_kitchen,19.06377,72.79715,35.0,10.7,852,1007,1090,0,lunch
I040,C,50,12,500.0,23.1,17.9,1.35,16,donor_kitchen,19.10165,72.82156,26.0,10.9,853,1025,1083,0,lunch
I040,C,50,12,500.0,23.1,17.9,1.35,17,donor_kitchen,19.0728,72.83707,17.6,11.4,923,1040,1175,0,lunch
I040,C,50,12,500.0,23.1,17.9,1.35,18,donor_kitchen,19.03878,72.86454,17.0,9.4,1249,1389,1411,1,dinner
I040,C,50,12,500.0,23.1,17.9,1.35,19,donor_kitchen,18.98884,72.87481,17.6,9.6,1275,1335,1526,0,dinner
I040,C,50,12,500.0,23.1,17.9,1.35,20,donor_kitchen,19.13936,72.88668,35.7,10.6,897,1014,1059,0,lunch
I040,C,50,12,500.0,23.1,17.9,1.35,21,donor_kitchen,19.15367,72.89355,13.5,9.1,1315,1431,1700,0,dinner
I040,C,50,12,500.0,23.1,17.9,1.35,22,donor_kitchen,19.08485,72.84498,9.2,8.4,1250,1343,1507,0,dinner
I040,C,50,12,500.0,23.1,17.9,1.35,23,donor_kitchen,19.06323,72.8372,27.9,9.7,1259,1350,1613,0,dinner
I040,C,50,12,500.0,23.1,17.9,1.35,24,donor_kitchen,19.05903,72.82893,13.3,8.6,894,1024,1374,0,lunch
I040,C,50,12,500.0,23.1,17.9,1.35,25,donor_kitchen,19.19064,72.90795,41.9,15.8,868,978,1348,0,lunch
I040,C,50,12,500.0,23.1,17.9,1.35,26,donor_kitchen,19.15621,72.8704,30.5,12.0,871,986,1279,0,lunch
I040,C,50,12,500.0,23.1,17.9,1.35,27,donor_kitchen,19.13019,72.88888,17.9,12.1,873,1015,995,1,lunch
I040,C,50,12,500.0,23.1,17.9,1.35,28,donor_kitchen,19.04306,72.80958,29.1,12.9,1248,1409,1695,0,dinner
I040,C,50,12,500.0,23.1,17.9,1.35,29,donor_kitchen,19.04276,72.86816,33.8,11.7,1295,1402,1602,0,dinner
I040,C,50,12,500.0,23.1,17.9,1.35,30,donor_kitchen,19.06248,72.836,48.7,13.5,1289,1437,1510,0,dinner
I040,C,50,12,500.0,23.1,17.9,1.35,31,donor_kitchen,19.10613,72.83441,81.3,15.6,886,969,1166,0,lunch
I040,C,50,12,500.0,23.1,17.9,1.35,32,donor_kitchen,19.06672,72.87127,28.6,15.2,1285,1376,1599,0,dinner
I040,C,50,12,500.0,23.1,17.9,1.35,33,donor_kitchen,19.1463,72.86986,27.4,10.4,854,971,1200,0,lunch
I040,C,50,12,500.0,23.1,17.9,1.35,34,donor_kitchen,19.15973,72.86048,22.5,8.9,927,1030,1027,0,lunch
I040,C,50,12,500.0,23.1,17.9,1.35,35,donor_kitchen,19.05425,72.81265,18.6,10.6,1263,1412,1624,0,dinner
I040,C,50,12,500.0,23.1,17.9,1.35,36,donor_kitchen,19.17982,72.88034,10.9,10.6,534,640,1014,0,breakfast
I040,C,50,12,500.0,23.1,17.9,1.35,37,donor_kitchen,19.04184,72.84491,26.1,9.0,896,1085,1079,0,lunch
I040,C,50,12,500.0,23.1,17.9,1.35,38,donor_kitchen,19.16206,72.88264,59.5,9.4,1281,1387,1485,0,dinner
I040,C,50,12,500.0,23.1,17.9,1.35,39,donor_kitchen,19.07153,72.8501,10.9,10.2,853,974,1174,0,lunch
I040,C,50,12,500.0,23.1,17.9,1.35,40,donor_kitchen,19.18141,72.84698,17.0,10.7,848,939,1087,0,lunch
I040,C,50,12,500.0,23.1,17.9,1.35,41,donor_kitchen,19.03717,72.83598,33.3,13.0,1278,1402,1459,0,dinner
I040,C,50,12,500.0,23.1,17.9,1.35,42,donor_kitchen,19.00673,72.9002,14.5,9.1,905,994,1079,1,lunch
I040,C,50,12,500.0,23.1,17.9,1.35,43,donor_kitchen,19.02037,72.86531,10.4,10.8,914,1063,1233,0,lunch
I040,C,50,12,500.0,23.1,17.9,1.35,44,donor_kitchen,19.146,72.91367,24.4,8.8,919,1030,1217,0,lunch
I040,C,50,12,500.0,23.1,17.9,1.35,45,donor_kitchen,19.14836,72.87973,44.3,10.2,911,1010,1308,0,lunch
I040,C,50,12,500.0,23.1,17.9,1.35,46,donor_kitchen,19.02088,72.84558,27.1,9.7,848,977,1274,0,lunch
I040,C,50,12,500.0,23.1,17.9,1.35,47,donor_kitchen,19.02966,72.85862,10.3,7.9,874,956,1002,0,lunch
I040,C,50,12,500.0,23.1,17.9,1.35,48,donor_kitchen,19.00487,72.89913,24.0,8.6,1318,1438,1700,0,dinner
I040,C,50,12,500.0,23.1,17.9,1.35,49,donor_kitchen,19.07126,72.80971,48.2,10.9,874,1037,1015,0,lunch
I040,C,50,12,500.0,23.1,17.9,1.35,50,donor_kitchen,19.03016,72.80585,13.6,7.1,862,996,1102,0,lunch
I041,C,50,12,500.0,25.6,15.8,1.35,0,depot_hub,19.04585,72.85585,0.0,0.0,0,1800,1800,0,none
I041,C,50,12,500.0,25.6,15.8,1.35,1,donor_kitchen,19.04709,72.91598,650.0,30.0,916,1006,1045,1,lunch
I041,C,50,12,500.0,25.6,15.8,1.35,2,donor_kitchen,19.03809,72.92526,39.7,8.4,849,961,1082,0,lunch
I041,C,50,12,500.0,25.6,15.8,1.35,3,donor_kitchen,19.00338,72.96905,29.6,10.9,889,961,1047,1,lunch
I041,C,50,12,500.0,25.6,15.8,1.35,4,donor_kitchen,19.16267,72.81736,14.6,9.4,1278,1338,1700,0,dinner
I041,C,50,12,500.0,25.6,15.8,1.35,5,donor_kitchen,19.00818,72.88253,25.3,9.4,883,1011,1257,0,lunch
I041,C,50,12,500.0,25.6,15.8,1.35,6,donor_kitchen,19.20637,72.79658,10.0,10.0,902,998,1382,0,lunch
I041,C,50,12,500.0,25.6,15.8,1.35,7,donor_kitchen,19.03492,72.95399,18.4,11.0,868,957,1118,0,lunch
I041,C,50,12,500.0,25.6,15.8,1.35,8,donor_kitchen,19.03451,72.97991,17.1,7.5,508,669,873,0,breakfast
I041,C,50,12,500.0,25.6,15.8,1.35,9,donor_kitchen,19.01946,72.94638,34.6,10.0,1279,1389,1429,1,dinner
I041,C,50,12,500.0,25.6,15.8,1.35,10,donor_kitchen,19.01236,72.92632,11.7,11.5,914,984,1242,0,lunch
I041,C,50,12,500.0,25.6,15.8,1.35,11,donor_kitchen,19.05095,72.92165,8.3,7.0,928,1014,1227,0,lunch
I041,C,50,12,500.0,25.6,15.8,1.35,12,donor_kitchen,19.13672,72.83632,24.7,8.7,1283,1491,1503,0,dinner
I041,C,50,12,500.0,25.6,15.8,1.35,13,donor_kitchen,18.99726,72.92673,16.3,10.5,849,963,1189,0,lunch
I041,C,50,12,500.0,25.6,15.8,1.35,14,donor_kitchen,19.19815,72.82047,100.6,14.0,884,968,1144,0,lunch
I041,C,50,12,500.0,25.6,15.8,1.35,15,donor_kitchen,19.03437,72.87491,30.1,10.0,1262,1420,1486,0,dinner
I041,C,50,12,500.0,25.6,15.8,1.35,16,donor_kitchen,19.00999,72.90874,20.1,11.0,1296,1490,1496,0,dinner
I041,C,50,12,500.0,25.6,15.8,1.35,17,donor_kitchen,19.20859,72.84379,74.8,12.8,889,1033,1188,0,lunch
I041,C,50,12,500.0,25.6,15.8,1.35,18,donor_kitchen,19.0633,72.96648,22.5,9.7,1261,1361,1632,0,dinner
I041,C,50,12,500.0,25.6,15.8,1.35,19,donor_kitchen,19.01652,72.90826,46.1,12.7,909,1015,1057,1,lunch
I041,C,50,12,500.0,25.6,15.8,1.35,20,donor_kitchen,19.04206,72.94071,9.2,7.9,879,1020,1108,0,lunch
I041,C,50,12,500.0,25.6,15.8,1.35,21,donor_kitchen,19.03608,72.88999,19.9,9.0,844,929,964,0,lunch
I041,C,50,12,500.0,25.6,15.8,1.35,22,donor_kitchen,19.02932,72.94782,7.7,9.5,522,706,838,0,breakfast
I041,C,50,12,500.0,25.6,15.8,1.35,23,donor_kitchen,19.18694,72.78751,93.3,18.1,1312,1395,1700,0,dinner
I041,C,50,12,500.0,25.6,15.8,1.35,24,donor_kitchen,19.00215,72.92827,41.7,12.7,1266,1402,1568,0,dinner
I041,C,50,12,500.0,25.6,15.8,1.35,25,donor_kitchen,19.03025,72.98304,5.4,7.8,921,1025,1160,0,lunch
I041,C,50,12,500.0,25.6,15.8,1.35,26,donor_kitchen,19.02939,72.93682,8.9,8.4,925,1085,1242,0,lunch
I041,C,50,12,500.0,25.6,15.8,1.35,27,donor_kitchen,19.01553,72.95434,23.2,9.8,1240,1300,1531,0,dinner
I041,C,50,12,500.0,25.6,15.8,1.35,28,donor_kitchen,19.19959,72.83993,26.2,13.1,1305,1449,1700,0,dinner
I041,C,50,12,500.0,25.6,15.8,1.35,29,donor_kitchen,19.00042,72.86385,15.9,10.3,857,1003,1150,0,lunch
I041,C,50,12,500.0,25.6,15.8,1.35,30,donor_kitchen,19.02434,72.89465,12.1,9.4,1258,1388,1700,0,dinner
I041,C,50,12,500.0,25.6,15.8,1.35,31,donor_kitchen,18.99952,72.90957,13.5,10.0,866,1030,1288,0,lunch
I041,C,50,12,500.0,25.6,15.8,1.35,32,donor_kitchen,18.9941,72.90737,55.5,14.6,1317,1459,1700,0,dinner
I041,C,50,12,500.0,25.6,15.8,1.35,33,donor_kitchen,19.19827,72.84159,17.8,8.3,924,1030,1183,0,lunch
I041,C,50,12,500.0,25.6,15.8,1.35,34,donor_kitchen,19.02972,72.93656,21.2,13.8,1302,1405,1462,0,dinner
I041,C,50,12,500.0,25.6,15.8,1.35,35,donor_kitchen,19.05017,72.95485,53.9,14.5,863,998,1343,0,lunch
I041,C,50,12,500.0,25.6,15.8,1.35,36,donor_kitchen,19.04008,72.90741,60.8,11.7,1299,1412,1671,0,dinner
I041,C,50,12,500.0,25.6,15.8,1.35,37,donor_kitchen,19.17666,72.83231,12.3,9.1,852,926,994,1,lunch
I041,C,50,12,500.0,25.6,15.8,1.35,38,donor_kitchen,19.02805,72.94371,21.9,8.8,560,666,937,0,breakfast
I041,C,50,12,500.0,25.6,15.8,1.35,39,donor_kitchen,19.03165,72.97666,34.1,11.1,926,1039,1406,0,lunch
I041,C,50,12,500.0,25.6,15.8,1.35,40,donor_kitchen,19.21423,72.8226,80.9,15.5,1254,1358,1494,0,dinner
I041,C,50,12,500.0,25.6,15.8,1.35,41,donor_kitchen,19.05724,72.92296,61.8,13.8,1316,1396,1508,0,dinner
I041,C,50,12,500.0,25.6,15.8,1.35,42,donor_kitchen,19.04339,72.95165,39.7,12.6,1317,1477,1493,0,dinner
I041,C,50,12,500.0,25.6,15.8,1.35,43,donor_kitchen,19.16544,72.79341,54.7,12.8,1252,1391,1473,0,dinner
I041,C,50,12,500.0,25.6,15.8,1.35,44,donor_kitchen,19.15956,72.80379,26.0,10.2,860,978,1086,0,lunch
I041,C,50,12,500.0,25.6,15.8,1.35,45,donor_kitchen,19.02719,72.94725,28.5,9.6,562,683,731,1,breakfast
I041,C,50,12,500.0,25.6,15.8,1.35,46,donor_kitchen,19.02132,72.98497,31.0,10.7,843,948,991,1,lunch
I041,C,50,12,500.0,25.6,15.8,1.35,47,donor_kitchen,19.04011,72.91056,67.5,14.3,1312,1417,1592,0,dinner
I041,C,50,12,500.0,25.6,15.8,1.35,48,donor_kitchen,19.1559,72.82547,19.3,8.8,1259,1345,1590,0,dinner
I041,C,50,12,500.0,25.6,15.8,1.35,49,donor_kitchen,19.05437,72.88319,8.4,12.0,920,1032,1189,0,lunch
I041,C,50,12,500.0,25.6,15.8,1.35,50,donor_kitchen,19.01411,72.92708,39.8,11.4,865,1009,1143,0,lunch
I042,R,50,13,500.0,24.2,14.0,1.35,0,depot_hub,19.07381,72.9038,0.0,0.0,0,1800,1800,0,none
I042,R,50,13,500.0,24.2,14.0,1.35,1,donor_kitchen,19.09538,72.80636,9.5,12.2,1299,1456,1614,0,dinner
I042,R,50,13,500.0,24.2,14.0,1.35,2,donor_kitchen,19.28934,72.97276,48.0,12.8,562,713,733,0,breakfast
I042,R,50,13,500.0,24.2,14.0,1.35,3,donor_kitchen,19.27033,72.81857,36.4,11.5,899,996,1071,1,lunch
I042,R,50,13,500.0,24.2,14.0,1.35,4,donor_kitchen,18.90037,72.9916,11.1,11.3,898,958,1109,0,lunch
I042,R,50,13,500.0,24.2,14.0,1.35,5,donor_kitchen,19.18885,72.99783,10.5,8.9,898,1065,1298,0,lunch
I042,R,50,13,500.0,24.2,14.0,1.35,6,donor_kitchen,18.99346,72.93914,22.4,11.6,1300,1360,1440,1,dinner
I042,R,50,13,500.0,24.2,14.0,1.35,7,donor_kitchen,19.03774,72.97784,91.5,14.7,884,1029,1111,0,lunch
I042,R,50,13,500.0,24.2,14.0,1.35,8,donor_kitchen,18.99047,72.8072,81.2,15.4,883,971,1076,0,lunch
I042,R,50,13,500.0,24.2,14.0,1.35,9,donor_kitchen,19.01621,72.8462,33.2,11.2,1295,1435,1580,0,dinner
I042,R,50,13,500.0,24.2,14.0,1.35,10,donor_kitchen,19.16473,72.88365,11.1,8.1,1283,1408,1459,1,dinner
I042,R,50,13,500.0,24.2,14.0,1.35,11,donor_kitchen,18.90773,72.95343,95.2,18.9,929,1095,1361,0,lunch
I042,R,50,13,500.0,24.2,14.0,1.35,12,donor_kitchen,19.02268,72.92917,38.2,12.8,851,961,1250,0,lunch
I042,R,50,13,500.0,24.2,14.0,1.35,13,donor_kitchen,19.19653,72.98072,34.6,12.6,854,975,1334,0,lunch
I042,R,50,13,500.0,24.2,14.0,1.35,14,donor_kitchen,19.17852,72.95064,18.4,9.4,900,967,1058,1,lunch
I042,R,50,13,500.0,24.2,14.0,1.35,15,donor_kitchen,19.18444,72.84656,44.8,11.4,1234,1430,1315,0,dinner
I042,R,50,13,500.0,24.2,14.0,1.35,16,donor_kitchen,19.01375,72.95946,18.4,7.7,919,997,1235,0,lunch
I042,R,50,13,500.0,24.2,14.0,1.35,17,donor_kitchen,18.95966,72.9732,26.3,13.1,1251,1333,1700,0,dinner
I042,R,50,13,500.0,24.2,14.0,1.35,18,donor_kitchen,19.09824,72.89135,40.7,13.9,1249,1356,1565,0,dinner
I042,R,50,13,500.0,24.2,14.0,1.35,19,donor_kitchen,19.29924,72.99357,44.4,10.5,1267,1327,1594,0,dinner
I042,R,50,13,500.0,24.2,14.0,1.35,20,donor_kitchen,19.21291,72.95694,30.2,11.6,1304,1497,1480,0,dinner
I042,R,50,13,500.0,24.2,14.0,1.35,21,donor_kitchen,19.16494,72.87337,44.6,9.9,1233,1342,1507,0,dinner
I042,R,50,13,500.0,24.2,14.0,1.35,22,donor_kitchen,19.08501,72.9977,21.8,12.2,488,615,629,1,breakfast
I042,R,50,13,500.0,24.2,14.0,1.35,23,donor_kitchen,19.27243,72.91655,45.3,12.5,1243,1319,1606,0,dinner
I042,R,50,13,500.0,24.2,14.0,1.35,24,donor_kitchen,18.98499,72.87526,16.8,11.9,1232,1304,1429,0,dinner
I042,R,50,13,500.0,24.2,14.0,1.35,25,donor_kitchen,18.92418,72.96289,36.0,9.0,889,971,1369,0,lunch
I042,R,50,13,500.0,24.2,14.0,1.35,26,donor_kitchen,18.96477,72.88167,55.6,14.0,1245,1353,1559,0,dinner
I042,R,50,13,500.0,24.2,14.0,1.35,27,donor_kitchen,19.03642,72.96149,13.1,10.5,500,572,701,0,breakfast
I042,R,50,13,500.0,24.2,14.0,1.35,28,donor_kitchen,19.20027,72.99917,28.1,9.2,870,1030,1268,0,lunch
I042,R,50,13,500.0,24.2,14.0,1.35,29,donor_kitchen,18.9591,72.87199,31.2,14.2,925,1060,1375,0,lunch
I042,R,50,13,500.0,24.2,14.0,1.35,30,donor_kitchen,18.99256,72.87126,22.9,11.2,1262,1396,1402,1,dinner
I042,R,50,13,500.0,24.2,14.0,1.35,31,donor_kitchen,19.12872,72.93746,31.1,9.6,888,1037,1063,0,lunch
I042,R,50,13,500.0,24.2,14.0,1.35,32,donor_kitchen,19.05573,72.92497,17.6,6.8,1249,1385,1424,1,dinner
I042,R,50,13,500.0,24.2,14.0,1.35,33,donor_kitchen,19.02957,72.95741,12.2,11.6,498,580,676,1,breakfast
I042,R,50,13,500.0,24.2,14.0,1.35,34,donor_kitchen,18.97652,72.89297,67.9,15.6,883,997,1350,0,lunch
I042,R,50,13,500.0,24.2,14.0,1.35,35,donor_kitchen,19.02696,72.93901,13.4,9.2,926,1039,1252,0,lunch
I042,R,50,13,500.0,24.2,14.0,1.35,36,donor_kitchen,18.91785,72.81963,39.1,13.1,537,689,712,0,breakfast
I042,R,50,13,500.0,24.2,14.0,1.35,37,donor_kitchen,19.0121,72.88895,78.1,17.5,889,1062,1020,1,lunch
I042,R,50,13,500.0,24.2,14.0,1.35,38,donor_kitchen,19.10242,72.8622,7.6,9.3,1252,1357,1700,0,dinner
I042,R,50,13,500.0,24.2,14.0,1.35,39,donor_kitchen,19.15044,72.86809,4.4,7.1,504,633,670,0,breakfast
I042,R,50,13,500.0,24.2,14.0,1.35,40,donor_kitchen,19.06245,72.81636,20.6,9.0,860,975,1146,0,lunch
I042,R,50,13,500.0,24.2,14.0,1.35,41,donor_kitchen,19.27975,72.8416,28.4,9.0,905,1032,1109,0,lunch
I042,R,50,13,500.0,24.2,14.0,1.35,42,donor_kitchen,19.17782,72.88032,25.4,11.2,1232,1352,1700,0,dinner
I042,R,50,13,500.0,24.2,14.0,1.35,43,donor_kitchen,19.03579,72.82409,25.3,11.9,873,940,1044,1,lunch
I042,R,50,13,500.0,24.2,14.0,1.35,44,donor_kitchen,19.08581,72.93795,37.2,12.1,1265,1426,1509,0,dinner
I042,R,50,13,500.0,24.2,14.0,1.35,45,donor_kitchen,19.2282,72.96579,33.2,10.6,530,675,778,0,breakfast
I042,R,50,13,500.0,24.2,14.0,1.35,46,donor_kitchen,19.07157,72.95136,24.2,12.4,905,1086,1216,0,lunch
I042,R,50,13,500.0,24.2,14.0,1.35,47,donor_kitchen,19.10335,72.86875,100.6,10.5,1297,1446,1435,1,dinner
I042,R,50,13,500.0,24.2,14.0,1.35,48,donor_kitchen,18.9826,72.87935,43.8,9.8,856,976,1185,0,lunch
I042,R,50,13,500.0,24.2,14.0,1.35,49,donor_kitchen,19.17629,72.9577,93.1,17.6,899,1019,1379,0,lunch
I042,R,50,13,500.0,24.2,14.0,1.35,50,donor_kitchen,19.04623,72.96551,31.8,10.8,846,1008,1034,0,lunch
I043,C,50,14,500.0,26.0,15.7,1.35,0,depot_hub,19.02425,72.97408,0.0,0.0,0,1800,1800,0,none
I043,C,50,14,500.0,26.0,15.7,1.35,1,donor_kitchen,19.14392,72.81826,25.0,8.8,929,1033,1105,0,lunch
I043,C,50,14,500.0,26.0,15.7,1.35,2,donor_kitchen,19.12967,72.88656,12.4,11.2,1255,1316,1700,0,dinner
I043,C,50,14,500.0,26.0,15.7,1.35,3,donor_kitchen,19.11061,72.96365,11.8,10.2,1304,1443,1452,1,dinner
I043,C,50,14,500.0,26.0,15.7,1.35,4,donor_kitchen,19.14325,72.88615,65.4,14.7,879,1027,1359,0,lunch
I043,C,50,14,500.0,26.0,15.7,1.35,5,donor_kitchen,19.18268,72.84936,41.6,8.7,1233,1381,1447,0,dinner
I043,C,50,14,500.0,26.0,15.7,1.35,6,donor_kitchen,19.14592,72.80641,24.5,9.6,1293,1360,1700,0,dinner
I043,C,50,14,500.0,26.0,15.7,1.35,7,donor_kitchen,19.22395,72.9784,40.2,11.8,1287,1383,1700,0,dinner
I043,C,50,14,500.0,26.0,15.7,1.35,8,donor_kitchen,19.1785,72.97911,16.8,10.0,1230,1290,1489,0,dinner
I043,C,50,14,500.0,26.0,15.7,1.35,9,donor_kitchen,19.16401,72.83447,24.1,11.6,901,1080,1117,0,lunch
I043,C,50,14,500.0,26.0,15.7,1.35,10,donor_kitchen,19.11075,72.99645,21.1,9.4,903,992,1202,0,lunch
I043,C,50,14,500.0,26.0,15.7,1.35,11,donor_kitchen,19.16057,72.80929,22.5,13.4,903,985,1267,0,lunch
I043,C,50,14,500.0,26.0,15.7,1.35,12,donor_kitchen,19.13042,72.8553,9.8,11.4,1280,1340,1402,1,dinner
I043,C,50,14,500.0,26.0,15.7,1.35,13,donor_kitchen,19.09332,72.98566,42.1,9.4,853,1013,1141,0,lunch
I043,C,50,14,500.0,26.0,15.7,1.35,14,donor_kitchen,19.1238,72.94241,18.3,11.3,855,974,1196,0,lunch
I043,C,50,14,500.0,26.0,15.7,1.35,15,donor_kitchen,19.18078,72.83116,9.8,10.4,1274,1420,1470,0,dinner
I043,C,50,14,500.0,26.0,15.7,1.35,16,donor_kitchen,19.0921,72.97816,70.4,13.8,874,1033,1354,0,lunch
I043,C,50,14,500.0,26.0,15.7,1.35,17,donor_kitchen,19.23121,72.95014,13.0,9.5,901,1038,1381,0,lunch
I043,C,50,14,500.0,26.0,15.7,1.35,18,donor_kitchen,19.17817,72.81624,62.5,15.2,879,1041,1324,0,lunch
I043,C,50,14,500.0,26.0,15.7,1.35,19,donor_kitchen,19.15491,72.83302,17.8,10.2,1278,1388,1448,1,dinner
I043,C,50,14,500.0,26.0,15.7,1.35,20,donor_kitchen,19.21434,72.9485,20.4,10.7,862,965,1181,0,lunch
I043,C,50,14,500.0,26.0,15.7,1.35,21,donor_kitchen,19.11221,72.8035,3.6,9.1,1267,1417,1700,0,dinner
I043,C,50,14,500.0,26.0,15.7,1.35,22,donor_kitchen,19.25642,72.983,72.9,12.9,1263,1459,1457,0,dinner
I043,C,50,14,500.0,26.0,15.7,1.35,23,donor_kitchen,19.03851,72.9409,6.8,9.2,869,1019,1006,0,lunch
I043,C,50,14,500.0,26.0,15.7,1.35,24,donor_kitchen,19.1579,72.82663,9.3,11.6,1237,1329,1546,0,dinner
I043,C,50,14,500.0,26.0,15.7,1.35,25,donor_kitchen,19.07392,72.99914,14.9,9.1,842,920,1205,0,lunch
I043,C,50,14,500.0,26.0,15.7,1.35,26,donor_kitchen,19.15438,72.86359,8.3,8.5,921,983,1147,0,lunch
I043,C,50,14,500.0,26.0,15.7,1.35,27,donor_kitchen,19.17772,72.85019,65.5,11.9,1305,1399,1548,0,dinner
I043,C,50,14,500.0,26.0,15.7,1.35,28,donor_kitchen,19.15572,72.81702,10.2,9.8,881,1022,1208,0,lunch
I043,C,50,14,500.0,26.0,15.7,1.35,29,donor_kitchen,19.22214,72.96643,29.3,12.4,888,948,1044,0,lunch
I043,C,50,14,500.0,26.0,15.7,1.35,30,donor_kitchen,19.14979,72.82836,17.4,10.0,909,1026,1029,0,lunch
I043,C,50,14,500.0,26.0,15.7,1.35,31,donor_kitchen,19.16767,72.8095,26.5,11.0,1256,1369,1511,0,dinner
I043,C,50,14,500.0,26.0,15.7,1.35,32,donor_kitchen,19.18413,72.98471,17.8,10.7,1316,1487,1700,0,dinner
I043,C,50,14,500.0,26.0,15.7,1.35,33,donor_kitchen,19.12181,72.81004,46.1,11.6,840,977,1185,0,lunch
I043,C,50,14,500.0,26.0,15.7,1.35,34,donor_kitchen,19.08616,72.96702,31.3,9.4,1275,1406,1394,0,dinner
I043,C,50,14,500.0,26.0,15.7,1.35,35,donor_kitchen,19.16059,72.85185,42.9,12.4,1309,1444,1465,1,dinner
I043,C,50,14,500.0,26.0,15.7,1.35,36,donor_kitchen,19.16058,72.81127,28.8,9.0,1292,1377,1636,0,dinner
I043,C,50,14,500.0,26.0,15.7,1.35,37,donor_kitchen,19.22967,72.95373,63.2,15.1,1296,1439,1422,1,dinner
I043,C,50,14,500.0,26.0,15.7,1.35,38,donor_kitchen,19.18857,72.83138,34.4,11.3,564,654,873,0,breakfast
I043,C,50,14,500.0,26.0,15.7,1.35,39,donor_kitchen,19.16338,72.8225,42.6,8.2,482,661,866,0,breakfast
I043,C,50,14,500.0,26.0,15.7,1.35,40,donor_kitchen,19.16434,72.85046,20.6,10.4,1275,1335,1628,0,dinner
I043,C,50,14,500.0,26.0,15.7,1.35,41,donor_kitchen,19.13414,72.86532,56.4,12.3,1244,1349,1700,0,dinner
I043,C,50,14,500.0,26.0,15.7,1.35,42,donor_kitchen,19.17856,72.98299,34.6,11.5,900,1111,1092,0,lunch
I043,C,50,14,500.0,26.0,15.7,1.35,43,donor_kitchen,19.11893,72.84412,14.6,11.8,903,1026,1139,0,lunch
I043,C,50,14,500.0,26.0,15.7,1.35,44,donor_kitchen,19.17625,72.85465,16.5,7.8,851,911,976,1,lunch
I043,C,50,14,500.0,26.0,15.7,1.35,45,donor_kitchen,19.09976,72.93219,6.2,10.0,1290,1426,1514,0,dinner
I043,C,50,14,500.0,26.0,15.7,1.35,46,donor_kitchen,19.13048,72.81501,19.2,10.6,1268,1410,1409,0,dinner
I043,C,50,14,500.0,26.0,15.7,1.35,47,donor_kitchen,19.0596,72.99539,38.3,8.6,504,620,984,0,breakfast
I043,C,50,14,500.0,26.0,15.7,1.35,48,donor_kitchen,19.21939,72.98378,31.5,12.9,1319,1422,1485,0,dinner
I043,C,50,14,500.0,26.0,15.7,1.35,49,donor_kitchen,19.14308,72.84217,21.3,12.1,881,1014,1093,0,lunch
I043,C,50,14,500.0,26.0,15.7,1.35,50,donor_kitchen,19.19465,72.97351,53.6,12.4,1312,1392,1574,0,dinner
I044,R,50,12,300.0,25.6,14.9,1.35,0,depot_hub,18.99389,72.82797,0.0,0.0,0,1800,1800,0,none
I044,R,50,12,300.0,25.6,14.9,1.35,1,donor_kitchen,18.94824,72.86026,40.4,14.1,1310,1400,1601,0,dinner
I044,R,50,12,300.0,25.6,14.9,1.35,2,donor_kitchen,18.91794,72.91903,60.1,12.6,848,971,1011,0,lunch
I044,R,50,12,300.0,25.6,14.9,1.35,3,donor_kitchen,18.92464,72.87107,10.6,9.1,891,958,1096,0,lunch
I044,R,50,12,300.0,25.6,14.9,1.35,4,donor_kitchen,18.96665,72.87162,15.3,8.6,1307,1427,1502,0,dinner
I044,R,50,12,300.0,25.6,14.9,1.35,5,donor_kitchen,19.12965,72.83419,30.1,11.1,1271,1335,1700,0,dinner
I044,R,50,12,300.0,25.6,14.9,1.35,6,donor_kitchen,19.0783,72.80186,3.0,8.4,921,1037,1227,0,lunch
I044,R,50,12,300.0,25.6,14.9,1.35,7,donor_kitchen,18.95287,72.96935,14.2,10.4,854,973,1087,0,lunch
I044,R,50,12,300.0,25.6,14.9,1.35,8,donor_kitchen,18.99996,72.82272,10.7,10.0,1239,1311,1537,0,dinner
I044,R,50,12,300.0,25.6,14.9,1.35,9,donor_kitchen,18.90252,72.87244,54.5,11.0,900,1048,1329,0,lunch
I044,R,50,12,300.0,25.6,14.9,1.35,10,donor_kitchen,19.15051,72.93279,128.6,16.3,1316,1382,1488,0,dinner
I044,R,50,12,300.0,25.6,14.9,1.35,11,donor_kitchen,19.16975,72.9102,73.5,12.7,906,1094,1080,0,lunch
I044,R,50,12,300.0,25.6,14.9,1.35,12,donor_kitchen,18.92385,72.92866,31.5,11.6,1301,1475,1504,0,dinner
I044,R,50,12,300.0,25.6,14.9,1.35,13,donor_kitchen,19.17756,72.81013,13.2,12.4,1260,1383,1615,0,dinner
I044,R,50,12,300.0,25.6,14.9,1.35,14,donor_kitchen,19.2163,72.87202,26.6,12.7,1299,1466,1426,0,dinner
I044,R,50,12,300.0,25.6,14.9,1.35,15,donor_kitchen,19.08258,72.81994,26.2,10.8,1270,1417,1700,0,dinner
I044,R,50,12,300.0,25.6,14.9,1.35,16,donor_kitchen,19.25028,72.94832,18.1,12.1,529,651,962,0,breakfast
I044,R,50,12,300.0,25.6,14.9,1.35,17,donor_kitchen,19.076,72.88004,9.2,8.5,852,947,1149,0,lunch
I044,R,50,12,300.0,25.6,14.9,1.35,18,donor_kitchen,18.98049,72.98639,29.4,10.4,891,1048,1253,0,lunch
I044,R,50,12,300.0,25.6,14.9,1.35,19,donor_kitchen,19.02842,72.97704,58.7,13.2,913,1004,1293,0,lunch
I044,R,50,12,300.0,25.6,14.9,1.35,20,donor_kitchen,19.06221,72.83088,31.3,11.8,1240,1390,1473,0,dinner
I044,R,50,12,300.0,25.6,14.9,1.35,21,donor_kitchen,18.94284,72.84774,31.2,12.0,512,616,945,0,breakfast
I044,R,50,12,300.0,25.6,14.9,1.35,22,donor_kitchen,18.93955,72.94614,4.1,10.0,563,670,779,0,breakfast
I044,R,50,12,300.0,25.6,14.9,1.35,23,donor_kitchen,18.93393,72.973,14.5,7.9,900,970,1278,0,lunch
I044,R,50,12,300.0,25.6,14.9,1.35,24,donor_kitchen,19.08592,72.85013,18.3,11.3,1288,1434,1518,0,dinner
I044,R,50,12,300.0,25.6,14.9,1.35,25,donor_kitchen,18.91556,72.94778,28.6,10.7,502,618,624,1,breakfast
I044,R,50,12,300.0,25.6,14.9,1.35,26,donor_kitchen,18.95527,72.93491,53.9,11.8,870,930,1048,0,lunch
I044,R,50,12,300.0,25.6,14.9,1.35,27,donor_kitchen,19.18303,72.9485,40.3,11.5,513,636,832,0,breakfast
I044,R,50,12,300.0,25.6,14.9,1.35,28,donor_kitchen,18.96521,72.94975,39.5,12.3,856,958,1336,0,lunch
I044,R,50,12,300.0,25.6,14.9,1.35,29,donor_kitchen,19.11341,72.829,27.4,11.7,894,958,1114,0,lunch
I044,R,50,12,300.0,25.6,14.9,1.35,30,donor_kitchen,19.17741,72.94537,30.0,11.0,1317,1379,1458,1,dinner
I044,R,50,12,300.0,25.6,14.9,1.35,31,donor_kitchen,19.02072,72.89723,27.3,9.9,1242,1374,1624,0,dinner
I044,R,50,12,300.0,25.6,14.9,1.35,32,donor_kitchen,19.08629,72.80795,26.4,10.6,890,1012,1232,0,lunch
I044,R,50,12,300.0,25.6,14.9,1.35,33,donor_kitchen,19.15722,72.91123,13.0,12.7,1272,1397,1642,0,dinner
I044,R,50,12,300.0,25.6,14.9,1.35,34,donor_kitchen,19.25663,72.87981,26.3,10.6,1239,1362,1404,1,dinner
I044,R,50,12,300.0,25.6,14.9,1.35,35,donor_kitchen,19.23366,72.91842,9.3,9.7,1301,1502,1629,0,dinner
I044,R,50,12,300.0,25.6,14.9,1.35,36,donor_kitchen,18.97058,72.86473,18.5,12.9,920,995,1277,0,lunch
I044,R,50,12,300.0,25.6,14.9,1.35,37,donor_kitchen,18.93055,72.80195,45.4,11.6,920,993,1258,0,lunch
I044,R,50,12,300.0,25.6,14.9,1.35,38,donor_kitchen,19.23005,72.9147,16.2,10.0,1248,1308,1366,0,dinner
I044,R,50,12,300.0,25.6,14.9,1.35,39,donor_kitchen,19.28534,72.97612,35.6,12.6,1293,1476,1461,1,dinner
I044,R,50,12,300.0,25.6,14.9,1.35,40,donor_kitchen,19.23001,72.87608,30.3,12.7,1318,1473,1516,0,dinner
I044,R,50,12,300.0,25.6,14.9,1.35,41,donor_kitchen,19.25417,72.81318,14.0,10.8,865,1026,1172,0,lunch
I044,R,50,12,300.0,25.6,14.9,1.35,42,donor_kitchen,19.23152,72.93858,6.9,7.8,1311,1371,1434,1,dinner
I044,R,50,12,300.0,25.6,14.9,1.35,43,donor_kitchen,19.18533,72.89346,6.9,9.6,1232,1351,1511,0,dinner
I044,R,50,12,300.0,25.6,14.9,1.35,44,donor_kitchen,19.25926,72.85819,3.4,9.0,1314,1380,1514,0,dinner
I044,R,50,12,300.0,25.6,14.9,1.35,45,donor_kitchen,18.979,72.91082,56.7,14.5,926,1039,1406,0,lunch
I044,R,50,12,300.0,25.6,14.9,1.35,46,donor_kitchen,19.03919,72.89457,21.9,11.7,1286,1346,1576,0,dinner
I044,R,50,12,300.0,25.6,14.9,1.35,47,donor_kitchen,19.00813,72.90606,13.6,10.1,497,641,704,0,breakfast
I044,R,50,12,300.0,25.6,14.9,1.35,48,donor_kitchen,19.05492,72.89969,55.5,13.5,1289,1423,1640,0,dinner
I044,R,50,12,300.0,25.6,14.9,1.35,49,donor_kitchen,19.20801,72.86439,29.0,12.6,501,561,719,0,breakfast
I044,R,50,12,300.0,25.6,14.9,1.35,50,donor_kitchen,19.02049,72.85924,41.9,9.9,1274,1415,1639,0,dinner
I045,C,50,14,150.0,26.8,15.3,1.35,0,depot_hub,18.98309,72.82607,0.0,0.0,0,1800,1800,0,none
I045,C,50,14,150.0,26.8,15.3,1.35,1,donor_kitchen,19.17639,72.98633,12.1,9.9,1231,1414,1693,0,dinner
I045,C,50,14,150.0,26.8,15.3,1.35,2,donor_kitchen,19.06845,72.81505,32.5,9.5,1286,1360,1607,0,dinner
I045,C,50,14,150.0,26.8,15.3,1.35,3,donor_kitchen,19.16116,73.00839,7.6,10.0,1239,1441,1573,0,dinner
I045,C,50,14,150.0,26.8,15.3,1.35,4,donor_kitchen,18.97029,72.81986,30.0,11.2,1257,1398,1377,1,dinner
I045,C,50,14,150.0,26.8,15.3,1.35,5,donor_kitchen,19.1866,72.97056,48.4,12.2,851,985,1141,0,lunch
I045,C,50,14,150.0,26.8,15.3,1.35,6,donor_kitchen,18.99692,72.82726,19.3,9.8,541,722,774,0,breakfast
I045,C,50,14,150.0,26.8,15.3,1.35,7,donor_kitchen,19.1056,72.84073,37.9,9.2,856,981,1161,0,lunch
I045,C,50,14,150.0,26.8,15.3,1.35,8,donor_kitchen,18.98783,72.81434,14.6,7.6,1271,1341,1430,0,dinner
I045,C,50,14,150.0,26.8,15.3,1.35,9,donor_kitchen,18.96103,72.83576,45.5,11.8,928,1053,1203,0,lunch
I045,C,50,14,150.0,26.8,15.3,1.35,10,donor_kitchen,19.10227,72.84521,5.6,6.9,867,999,1231,0,lunch
I045,C,50,14,150.0,26.8,15.3,1.35,11,donor_kitchen,18.97792,72.8431,32.8,11.3,905,1017,1273,0,lunch
I045,C,50,14,150.0,26.8,15.3,1.35,12,donor_kitchen,18.95831,72.83185,25.6,10.1,1262,1447,1445,0,dinner
I045,C,50,14,150.0,26.8,15.3,1.35,13,donor_kitchen,18.94655,72.85081,13.8,8.8,883,1063,1065,0,lunch
I045,C,50,14,150.0,26.8,15.3,1.35,14,donor_kitchen,19.13446,72.83791,6.4,8.0,1275,1335,1636,0,dinner
I045,C,50,14,150.0,26.8,15.3,1.35,15,donor_kitchen,19.18234,72.97216,14.0,9.3,924,1045,1298,0,lunch
I045,C,50,14,150.0,26.8,15.3,1.35,16,donor_kitchen,19.09521,72.82486,34.4,10.8,929,1077,1089,0,lunch
I045,C,50,14,150.0,26.8,15.3,1.35,17,donor_kitchen,19.15804,72.97494,16.4,9.1,1288,1459,1511,0,dinner
I045,C,50,14,150.0,26.8,15.3,1.35,18,donor_kitchen,19.19204,72.97008,33.9,10.8,1276,1422,1474,0,dinner
I045,C,50,14,150.0,26.8,15.3,1.35,19,donor_kitchen,19.07649,72.86088,18.0,9.6,878,1039,1358,0,lunch
I045,C,50,14,150.0,26.8,15.3,1.35,20,donor_kitchen,19.02719,72.87968,18.2,9.9,1257,1448,1448,0,dinner
I045,C,50,14,150.0,26.8,15.3,1.35,21,donor_kitchen,19.10986,72.82209,35.2,11.0,500,701,914,0,breakfast
I045,C,50,14,150.0,26.8,15.3,1.35,22,donor_kitchen,18.96704,72.83175,12.9,8.9,858,978,1069,0,lunch
I045,C,50,14,150.0,26.8,15.3,1.35,23,donor_kitchen,18.96135,72.82029,30.9,10.9,1314,1468,1482,1,dinner
I045,C,50,14,150.0,26.8,15.3,1.35,24,donor_kitchen,19.08871,72.86702,8.0,11.5,905,1035,1013,0,lunch
I045,C,50,14,150.0,26.8,15.3,1.35,25,donor_kitchen,19.13211,72.98972,14.6,8.8,879,1070,1252,0,lunch
I045,C,50,14,150.0,26.8,15.3,1.35,26,donor_kitchen,19.16405,72.96846,25.2,11.8,1281,1399,1632,0,dinner
I045,C,50,14,150.0,26.8,15.3,1.35,27,donor_kitchen,19.14227,72.94238,41.1,11.4,1309,1425,1700,0,dinner
I045,C,50,14,150.0,26.8,15.3,1.35,28,donor_kitchen,19.07676,72.81145,67.0,14.2,1261,1414,1676,0,dinner
I045,C,50,14,150.0,26.8,15.3,1.35,29,donor_kitchen,19.14507,72.84025,51.1,13.4,482,571,709,0,breakfast
I045,C,50,14,150.0,26.8,15.3,1.35,30,donor_kitchen,19.08358,72.81951,6.4,10.2,1319,1507,1577,0,dinner
I045,C,50,14,150.0,26.8,15.3,1.35,31,donor_kitchen,19.02597,72.86481,10.4,9.6,1272,1405,1557,0,dinner
I045,C,50,14,150.0,26.8,15.3,1.35,32,donor_kitchen,18.98579,72.88044,9.3,9.7,559,674,1039,0,breakfast
I045,C,50,14,150.0,26.8,15.3,1.35,33,donor_kitchen,18.95916,72.83358,7.4,8.1,867,1040,1019,0,lunch
I045,C,50,14,150.0,26.8,15.3,1.35,34,donor_kitchen,19.17943,72.97061,9.5,10.4,899,978,1220,0,lunch
I045,C,50,14,150.0,26.8,15.3,1.35,35,donor_kitchen,18.98487,72.86757,19.7,9.0,531,631,764,0,breakfast
I045,C,50,14,150.0,26.8,15.3,1.35,36,donor_kitchen,19.17548,72.98263,33.6,11.8,928,1005,1380,0,lunch
I045,C,50,14,150.0,26.8,15.3,1.35,37,donor_kitchen,19.1621,72.94241,24.4,10.2,1286,1422,1522,0,dinner
I045,C,50,14,150.0,26.8,15.3,1.35,38,donor_kitchen,18.99169,72.83403,23.3,9.2,1293,1425,1487,0,dinner
I045,C,50,14,150.0,26.8,15.3,1.35,39,donor_kitchen,18.97278,72.78978,35.8,10.1,861,988,1308,0,lunch
I045,C,50,14,150.0,26.8,15.3,1.35,40,donor_kitchen,19.06374,72.86187,73.2,12.3,926,1123,1293,0,lunch
I045,C,50,14,150.0,26.8,15.3,1.35,41,donor_kitchen,19.04169,72.80786,13.6,10.2,895,1018,1325,0,lunch
I045,C,50,14,150.0,26.8,15.3,1.35,42,donor_kitchen,19.0017,72.88242,67.6,16.1,895,1003,1066,0,lunch
I045,C,50,14,150.0,26.8,15.3,1.35,43,donor_kitchen,18.97124,72.82875,11.9,9.7,530,590,624,0,breakfast
I045,C,50,14,150.0,26.8,15.3,1.35,44,donor_kitchen,19.0753,72.83326,10.3,8.9,899,1046,1348,0,lunch
I045,C,50,14,150.0,26.8,15.3,1.35,45,donor_kitchen,19.14198,72.96084,51.1,13.3,1239,1316,1469,0,dinner
I045,C,50,14,150.0,26.8,15.3,1.35,46,donor_kitchen,18.92805,72.83002,10.9,8.6,1243,1336,1476,0,dinner
I045,C,50,14,150.0,26.8,15.3,1.35,47,donor_kitchen,19.17679,72.99662,36.3,12.4,890,1026,1035,1,lunch
I045,C,50,14,150.0,26.8,15.3,1.35,48,donor_kitchen,19.11718,72.8263,20.7,10.0,1319,1440,1550,0,dinner
I045,C,50,14,150.0,26.8,15.3,1.35,49,donor_kitchen,19.04342,72.93238,18.3,12.6,1308,1370,1428,1,dinner
I045,C,50,14,150.0,26.8,15.3,1.35,50,donor_kitchen,19.10098,72.78913,109.3,18.8,848,966,996,1,lunch
I046,RC,50,12,150.0,23.3,16.8,1.35,0,depot_hub,19.03895,72.84656,0.0,0.0,0,1800,1800,0,none
I046,RC,50,12,150.0,23.3,16.8,1.35,1,donor_kitchen,19.28171,72.82479,195.0,20.8,866,993,1076,0,lunch
I046,RC,50,12,150.0,23.3,16.8,1.35,2,donor_kitchen,18.96694,72.95618,31.8,12.8,903,1059,1278,0,lunch
I046,RC,50,12,150.0,23.3,16.8,1.35,3,donor_kitchen,19.06641,72.8967,21.7,12.8,1284,1433,1469,0,dinner
I046,RC,50,12,150.0,23.3,16.8,1.35,4,donor_kitchen,19.28086,72.89626,12.1,8.4,1267,1390,1456,0,dinner
I046,RC,50,12,150.0,23.3,16.8,1.35,5,donor_kitchen,19.18095,72.93488,15.6,11.7,1272,1371,1436,0,dinner
I046,RC,50,12,150.0,23.3,16.8,1.35,6,donor_kitchen,19.08234,72.97777,26.1,10.3,519,686,999,0,breakfast
I046,RC,50,12,150.0,23.3,16.8,1.35,7,donor_kitchen,19.16982,72.95899,76.4,13.3,922,1029,1044,0,lunch
I046,RC,50,12,150.0,23.3,16.8,1.35,8,donor_kitchen,19.04402,72.9594,12.2,12.7,844,967,1201,0,lunch
I046,RC,50,12,150.0,23.3,16.8,1.35,9,donor_kitchen,19.01627,72.99585,17.3,8.3,899,1056,1171,0,lunch
I046,RC,50,12,150.0,23.3,16.8,1.35,10,donor_kitchen,19.16392,72.98112,24.7,12.1,1301,1412,1502,0,dinner
I046,RC,50,12,150.0,23.3,16.8,1.35,11,donor_kitchen,19.17557,72.83959,23.7,12.3,886,965,1014,1,lunch
I046,RC,50,12,150.0,23.3,16.8,1.35,12,donor_kitchen,19.10967,72.99983,16.0,9.9,861,984,1209,0,lunch
I046,RC,50,12,150.0,23.3,16.8,1.35,13,donor_kitchen,19.1467,72.82532,81.5,17.2,913,1011,1091,1,lunch
I046,RC,50,12,150.0,23.3,16.8,1.35,14,donor_kitchen,19.00424,72.92538,10.3,8.3,523,625,832,0,breakfast
I046,RC,50,12,150.0,23.3,16.8,1.35,15,donor_kitchen,18.96397,72.92296,13.7,11.6,910,1051,1085,1,lunch
I046,RC,50,12,150.0,23.3,16.8,1.35,16,donor_kitchen,19.21862,72.89218,91.8,14.7,1260,1362,1393,1,dinner
I046,RC,50,12,150.0,23.3,16.8,1.35,17,donor_kitchen,19.01127,72.97424,42.2,12.2,887,1031,1026,0,lunch
I046,RC,50,12,150.0,23.3,16.8,1.35,18,donor_kitchen,19.06202,72.8732,53.5,13.1,883,943,1334,0,lunch
I046,RC,50,12,150.0,23.3,16.8,1.35,19,donor_kitchen,19.22531,72.88102,29.2,10.4,1286,1363,1543,0,dinner
I046,RC,50,12,150.0,23.3,16.8,1.35,20,donor_kitchen,19.25303,72.83114,21.9,8.6,857,927,1253,0,lunch
I046,RC,50,12,150.0,23.3,16.8,1.35,21,donor_kitchen,19.22668,72.88499,21.2,6.1,1281,1412,1428,1,dinner
I046,RC,50,12,150.0,23.3,16.8,1.35,22,donor_kitchen,18.90097,72.92093,6.4,8.2,910,1029,1228,0,lunch
I046,RC,50,12,150.0,23.3,16.8,1.35,23,donor_kitchen,19.01486,72.95753,9.5,9.7,915,1096,1257,0,lunch
I046,RC,50,12,150.0,23.3,16.8,1.35,24,donor_kitchen,18.97368,72.93363,43.7,13.1,514,673,940,0,breakfast
I046,RC,50,12,150.0,23.3,16.8,1.35,25,donor_kitchen,18.99504,72.99055,7.6,8.9,1282,1407,1649,0,dinner
I046,RC,50,12,150.0,23.3,16.8,1.35,26,donor_kitchen,19.18777,72.93616,17.3,11.4,876,956,1016,0,lunch
I046,RC,50,12,150.0,23.3,16.8,1.35,27,donor_kitchen,18.99945,72.8401,21.8,11.4,539,692,780,0,breakfast
I046,RC,50,12,150.0,23.3,16.8,1.35,28,donor_kitchen,19.16847,73.01471,22.8,10.3,878,954,1321,0,lunch
I046,RC,50,12,150.0,23.3,16.8,1.35,29,donor_kitchen,18.99991,72.86494,10.7,8.6,856,964,1221,0,lunch
I046,RC,50,12,150.0,23.3,16.8,1.35,30,donor_kitchen,19.20203,73.00789,11.4,5.7,1233,1389,1577,0,dinner
I046,RC,50,12,150.0,23.3,16.8,1.35,31,donor_kitchen,19.23323,72.88646,11.2,11.0,898,959,1165,0,lunch
I046,RC,50,12,150.0,23.3,16.8,1.35,32,donor_kitchen,19.23198,72.97341,47.6,12.2,1247,1350,1654,0,dinner
I046,RC,50,12,150.0,23.3,16.8,1.35,33,donor_kitchen,18.99473,72.87875,7.3,9.2,1301,1480,1700,0,dinner
I046,RC,50,12,150.0,23.3,16.8,1.35,34,donor_kitchen,19.19057,72.99072,27.0,10.2,887,1002,1209,0,lunch
I046,RC,50,12,150.0,23.3,16.8,1.35,35,donor_kitchen,19.02,72.84786,13.2,8.0,872,1002,1054,0,lunch
I046,RC,50,12,150.0,23.3,16.8,1.35,36,donor_kitchen,18.99814,72.85402,9.0,9.6,568,703,869,0,breakfast
I046,RC,50,12,150.0,23.3,16.8,1.35,37,donor_kitchen,19.19746,72.94681,34.9,7.7,1305,1378,1512,0,dinner
I046,RC,50,12,150.0,23.3,16.8,1.35,38,donor_kitchen,19.20172,72.90968,3.9,9.9,856,1004,1336,0,lunch
I046,RC,50,12,150.0,23.3,16.8,1.35,39,donor_kitchen,19.19728,72.99201,31.6,10.3,928,1034,1142,0,lunch
I046,RC,50,12,150.0,23.3,16.8,1.35,40,donor_kitchen,19.23324,72.94755,7.3,9.0,1277,1365,1567,0,dinner
I046,RC,50,12,150.0,23.3,16.8,1.35,41,donor_kitchen,18.98855,72.86424,9.9,7.7,914,1028,1394,0,lunch
I046,RC,50,12,150.0,23.3,16.8,1.35,42,donor_kitchen,18.96923,72.87483,12.7,14.3,486,632,762,0,breakfast
I046,RC,50,12,150.0,23.3,16.8,1.35,43,donor_kitchen,18.97657,72.83412,22.4,13.0,882,1038,1058,1,lunch
I046,RC,50,12,150.0,23.3,16.8,1.35,44,donor_kitchen,19.17568,72.92073,34.5,10.8,542,692,862,0,breakfast
I046,RC,50,12,150.0,23.3,16.8,1.35,45,donor_kitchen,19.0067,72.86763,20.9,11.2,1276,1378,1506,0,dinner
I046,RC,50,12,150.0,23.3,16.8,1.35,46,donor_kitchen,19.00672,72.87279,37.2,12.1,1283,1379,1700,0,dinner
I046,RC,50,12,150.0,23.3,16.8,1.35,47,donor_kitchen,19.23057,72.92219,11.5,9.1,1311,1391,1673,0,dinner
I046,RC,50,12,150.0,23.3,16.8,1.35,48,donor_kitchen,19.20019,72.90149,46.6,12.7,916,1092,1048,1,lunch
I046,RC,50,12,150.0,23.3,16.8,1.35,49,donor_kitchen,19.04286,72.93217,9.4,11.1,857,1028,1018,0,lunch
I046,RC,50,12,150.0,23.3,16.8,1.35,50,donor_kitchen,19.15107,72.95046,9.1,11.0,1258,1386,1520,0,dinner
I047,R,50,12,300.0,26.7,15.3,1.35,0,depot_hub,19.1059,72.92575,0.0,0.0,0,1800,1800,0,none
I047,R,50,12,300.0,26.7,15.3,1.35,1,donor_kitchen,18.94831,72.85777,20.2,12.6,533,640,826,0,breakfast
I047,R,50,12,300.0,26.7,15.3,1.35,2,donor_kitchen,19.22011,72.97429,28.1,11.7,482,558,616,1,breakfast
I047,R,50,12,300.0,26.7,15.3,1.35,3,donor_kitchen,19.12154,72.92308,5.5,8.6,550,708,879,0,breakfast
I047,R,50,12,300.0,26.7,15.3,1.35,4,donor_kitchen,19.05457,72.9409,32.4,11.7,926,1066,1196,0,lunch
I047,R,50,12,300.0,26.7,15.3,1.35,5,donor_kitchen,18.9903,72.95632,17.2,10.1,1286,1384,1573,0,dinner
I047,R,50,12,300.0,26.7,15.3,1.35,6,donor_kitchen,19.06495,72.8368,6.3,9.8,1268,1394,1499,0,dinner
I047,R,50,12,300.0,26.7,15.3,1.35,7,donor_kitchen,19.01155,72.93804,28.9,12.5,535,709,795,0,breakfast
I047,R,50,12,300.0,26.7,15.3,1.35,8,donor_kitchen,19.01077,72.99487,14.8,12.3,1298,1440,1459,0,dinner
I047,R,50,12,300.0,26.7,15.3,1.35,9,donor_kitchen,18.92256,72.81574,24.7,10.2,1230,1354,1700,0,dinner
I047,R,50,12,300.0,26.7,15.3,1.35,10,donor_kitchen,19.19302,72.98607,21.3,9.1,877,985,1230,0,lunch
I047,R,50,12,300.0,26.7,15.3,1.35,11,donor_kitchen,19.02496,72.89138,18.8,11.1,1264,1413,1402,0,dinner
I047,R,50,12,300.0,26.7,15.3,1.35,12,donor_kitchen,18.95967,72.82331,27.1,10.3,898,1009,1073,0,lunch
I047,R,50,12,300.0,26.7,15.3,1.35,13,donor_kitchen,19.10804,72.91327,7.0,9.9,1261,1356,1678,0,dinner
I047,R,50,12,300.0,26.7,15.3,1.35,14,donor_kitchen,19.15796,72.8166,15.3,9.6,1257,1355,1670,0,dinner
I047,R,50,12,300.0,26.7,15.3,1.35,15,donor_kitchen,18.97392,72.91176,10.8,9.8,1249,1406,1612,0,dinner
I047,R,50,12,300.0,26.7,15.3,1.35,16,donor_kitchen,19.11596,72.92613,9.5,10.5,492,642,811,0,breakfast
I047,R,50,12,300.0,26.7,15.3,1.35,17,donor_kitchen,19.10334,72.81146,20.1,12.1,916,993,1157,0,lunch
I047,R,50,12,300.0,26.7,15.3,1.35,18,donor_kitchen,18.98483,72.98067,6.1,9.3,860,983,994,1,lunch
I047,R,50,12,300.0,26.7,15.3,1.35,19,donor_kitchen,19.13601,72.86979,49.6,14.1,917,977,1113,0,lunch
I047,R,50,12,300.0,26.7,15.3,1.35,20,donor_kitchen,19.24319,72.91202,64.8,13.3,1289,1349,1451,0,dinner
I047,R,50,12,300.0,26.7,15.3,1.35,21,donor_kitchen,19.0944,72.9669,19.5,7.4,876,986,1157,0,lunch
I047,R,50,12,300.0,26.7,15.3,1.35,22,donor_kitchen,18.94699,72.84497,11.2,9.8,553,712,714,1,breakfast
I047,R,50,12,300.0,26.7,15.3,1.35,23,donor_kitchen,19.29647,72.87143,34.3,11.0,920,1108,1045,1,lunch
I047,R,50,12,300.0,26.7,15.3,1.35,24,donor_kitchen,18.92901,72.92577,35.3,13.9,550,627,764,0,breakfast
I047,R,50,12,300.0,26.7,15.3,1.35,25,donor_kitchen,19.11132,72.8689,8.7,10.5,924,999,1044,1,lunch
I047,R,50,12,300.0,26.7,15.3,1.35,26,donor_kitchen,18.91662,72.94049,20.7,8.1,883,997,1020,1,lunch
I047,R,50,12,300.0,26.7,15.3,1.35,27,donor_kitchen,19.19375,72.88745,5.7,9.9,923,1009,1178,0,lunch
I047,R,50,12,300.0,26.7,15.3,1.35,28,donor_kitchen,19.01963,72.94836,30.9,11.0,918,980,1295,0,lunch
I047,R,50,12,300.0,26.7,15.3,1.35,29,donor_kitchen,19.2038,72.92782,19.4,8.5,871,931,1157,0,lunch
I047,R,50,12,300.0,26.7,15.3,1.35,30,donor_kitchen,19.01051,72.85214,47.4,13.7,1244,1330,1447,0,dinner
I047,R,50,12,300.0,26.7,15.3,1.35,31,donor_kitchen,19.11312,72.80224,3.6,10.2,844,904,1171,0,lunch
I047,R,50,12,300.0,26.7,15.3,1.35,32,donor_kitchen,18.96607,72.82591,20.6,11.4,539,656,875,0,breakfast
I047,R,50,12,300.0,26.7,15.3,1.35,33,donor_kitchen,19.29621,72.93322,8.1,9.3,1256,1378,1405,0,dinner
I047,R,50,12,300.0,26.7,15.3,1.35,34,donor_kitchen,18.99698,72.80915,24.8,13.2,920,1055,1123,0,lunch
I047,R,50,12,300.0,26.7,15.3,1.35,35,donor_kitchen,19.0094,72.95045,15.8,10.0,514,614,823,0,breakfast
I047,R,50,12,300.0,26.7,15.3,1.35,36,donor_kitchen,18.98765,72.80491,18.0,8.9,895,1004,1031,1,lunch
I047,R,50,12,300.0,26.7,15.3,1.35,37,donor_kitchen,19.2987,72.97988,95.1,12.5,900,1116,1165,0,lunch
I047,R,50,12,300.0,26.7,15.3,1.35,38,donor_kitchen,18.97719,72.97194,28.6,11.7,908,1035,1280,0,lunch
I047,R,50,12,300.0,26.7,15.3,1.35,39,donor_kitchen,19.23538,72.97391,25.3,11.8,853,983,1237,0,lunch
I047,R,50,12,300.0,26.7,15.3,1.35,40,donor_kitchen,19.19395,72.97531,98.4,16.6,840,924,1320,0,lunch
I047,R,50,12,300.0,26.7,15.3,1.35,41,donor_kitchen,18.91878,72.9054,30.3,11.8,1253,1386,1451,0,dinner
I047,R,50,12,300.0,26.7,15.3,1.35,42,donor_kitchen,19.13953,72.97579,3.8,9.2,911,1065,1139,0,lunch
I047,R,50,12,300.0,26.7,15.3,1.35,43,donor_kitchen,19.17963,72.9236,19.0,10.5,842,902,965,0,lunch
I047,R,50,12,300.0,26.7,15.3,1.35,44,donor_kitchen,19.21337,72.87119,13.9,8.7,1265,1423,1442,1,dinner
I047,R,50,12,300.0,26.7,15.3,1.35,45,donor_kitchen,19.13708,72.80331,119.9,18.2,902,1044,1228,0,lunch
I047,R,50,12,300.0,26.7,15.3,1.35,46,donor_kitchen,19.27184,72.86754,23.4,11.7,1262,1406,1497,0,dinner
I047,R,50,12,300.0,26.7,15.3,1.35,47,donor_kitchen,18.93144,72.87412,9.8,9.9,1261,1378,1606,0,dinner
I047,R,50,12,300.0,26.7,15.3,1.35,48,donor_kitchen,19.01062,72.96656,107.8,14.4,857,970,1030,1,lunch
I047,R,50,12,300.0,26.7,15.3,1.35,49,donor_kitchen,18.99848,72.90165,38.3,11.3,918,1082,1146,0,lunch
I047,R,50,12,300.0,26.7,15.3,1.35,50,donor_kitchen,19.25681,72.91024,15.8,9.3,929,999,1121,0,lunch
I048,RC,50,13,150.0,27.8,16.2,1.35,0,depot_hub,19.03791,72.92576,0.0,0.0,0,1800,1800,0,none
I048,RC,50,13,150.0,27.8,16.2,1.35,1,donor_kitchen,19.25488,72.96255,22.3,7.9,1238,1334,1385,1,dinner
I048,RC,50,13,150.0,27.8,16.2,1.35,2,donor_kitchen,19.0741,72.92893,9.9,12.1,873,988,1065,0,lunch
I048,RC,50,13,150.0,27.8,16.2,1.35,3,donor_kitchen,19.21013,72.876,50.7,8.7,1276,1391,1515,0,dinner
I048,RC,50,13,150.0,27.8,16.2,1.35,4,donor_kitchen,19.07498,72.95994,31.1,10.4,870,981,1042,0,lunch
I048,RC,50,13,150.0,27.8,16.2,1.35,5,donor_kitchen,19.17804,72.97362,15.4,9.9,1261,1321,1700,0,dinner
I048,RC,50,13,150.0,27.8,16.2,1.35,6,donor_kitchen,19.15409,72.87264,12.5,11.4,484,588,663,1,breakfast
I048,RC,50,13,150.0,27.8,16.2,1.35,7,donor_kitchen,19.23155,72.85688,10.7,7.5,888,949,1094,0,lunch
I048,RC,50,13,150.0,27.8,16.2,1.35,8,donor_kitchen,19.27076,72.97837,26.7,7.8,891,1032,1371,0,lunch
I048,RC,50,13,150.0,27.8,16.2,1.35,9,donor_kitchen,19.29204,72.95313,55.7,11.1,846,927,1293,0,lunch
I048,RC,50,13,150.0,27.8,16.2,1.35,10,donor_kitchen,19.10175,72.91466,17.0,10.2,854,965,1035,0,lunch
I048,RC,50,13,150.0,27.8,16.2,1.35,11,donor_kitchen,18.97452,72.95548,30.3,11.2,1240,1351,1589,0,dinner
I048,RC,50,13,150.0,27.8,16.2,1.35,12,donor_kitchen,18.9091,72.98921,10.9,11.0,854,958,1023,0,lunch
I048,RC,50,13,150.0,27.8,16.2,1.35,13,donor_kitchen,19.20071,72.81109,17.7,11.9,1235,1362,1478,0,dinner
I048,RC,50,13,150.0,27.8,16.2,1.35,14,donor_kitchen,19.28351,72.90028,22.5,12.2,1272,1347,1469,0,dinner
I048,RC,50,13,150.0,27.8,16.2,1.35,15,donor_kitchen,19.13506,72.87894,30.9,10.6,1291,1395,1628,0,dinner
I048,RC,50,13,150.0,27.8,16.2,1.35,16,donor_kitchen,19.18043,72.82104,40.0,10.6,863,948,1232,0,lunch
I048,RC,50,13,150.0,27.8,16.2,1.35,17,donor_kitchen,19.17521,72.9256,62.9,12.1,522,634,787,0,breakfast
I048,RC,50,13,150.0,27.8,16.2,1.35,18,donor_kitchen,19.13068,72.88554,14.7,9.5,883,1058,1048,1,lunch
I048,RC,50,13,150.0,27.8,16.2,1.35,19,donor_kitchen,18.9718,72.88309,10.5,8.8,1304,1375,1561,0,dinner
I048,RC,50,13,150.0,27.8,16.2,1.35,20,donor_kitchen,18.9688,72.90298,21.1,9.7,1242,1436,1386,0,dinner
I048,RC,50,13,150.0,27.8,16.2,1.35,21,donor_kitchen,19.13887,72.87507,34.9,9.2,865,925,1181,0,lunch
I048,RC,50,13,150.0,27.8,16.2,1.35,22,donor_kitchen,18.99148,72.87614,7.6,10.7,1244,1330,1469,0,dinner
I048,RC,50,13,150.0,27.8,16.2,1.35,23,donor_kitchen,19.17277,72.88472,8.3,6.7,1299,1405,1534,0,dinner
I048,RC,50,13,150.0,27.8,16.2,1.35,24,donor_kitchen,18.96505,72.81772,10.1,10.9,926,1090,1052,1,lunch
I048,RC,50,13,150.0,27.8,16.2,1.35,25,donor_kitchen,19.28727,72.90526,18.3,9.5,512,688,947,0,breakfast
I048,RC,50,13,150.0,27.8,16.2,1.35,26,donor_kitchen,19.14836,72.82086,14.3,9.6,1273,1335,1393,1,dinner
I048,RC,50,13,150.0,27.8,16.2,1.35,27,donor_kitchen,19.09853,72.87298,58.8,12.9,1232,1318,1396,1,dinner
I048,RC,50,13,150.0,27.8,16.2,1.35,28,donor_kitchen,19.12044,72.88218,43.7,12.0,542,663,962,0,breakfast
I048,RC,50,13,150.0,27.8,16.2,1.35,29,donor_kitchen,19.11758,72.81817,11.1,10.4,1286,1456,1573,0,dinner
I048,RC,50,13,150.0,27.8,16.2,1.35,30,donor_kitchen,19.1178,72.90197,26.8,9.9,868,1043,1079,0,lunch
I048,RC,50,13,150.0,27.8,16.2,1.35,31,donor_kitchen,19.15077,72.81886,29.9,9.1,1281,1356,1611,0,dinner
I048,RC,50,13,150.0,27.8,16.2,1.35,32,donor_kitchen,19.12822,72.85489,11.0,11.1,917,998,1214,0,lunch
I048,RC,50,13,150.0,27.8,16.2,1.35,33,donor_kitchen,19.16251,72.84073,23.6,9.0,1287,1347,1617,0,dinner
I048,RC,50,13,150.0,27.8,16.2,1.35,34,donor_kitchen,19.16947,72.90157,35.3,13.0,901,1106,1177,0,lunch
I048,RC,50,13,150.0,27.8,16.2,1.35,35,donor_kitchen,19.08851,72.83844,66.2,13.7,1253,1364,1700,0,dinner
I048,RC,50,13,150.0,27.8,16.2,1.35,36,donor_kitchen,19.15953,72.8653,14.5,8.9,552,646,869,0,breakfast
I048,RC,50,13,150.0,27.8,16.2,1.35,37,donor_kitchen,19.14725,72.82497,15.3,9.8,890,980,1019,0,lunch
I048,RC,50,13,150.0,27.8,16.2,1.35,38,donor_kitchen,19.13659,72.84229,12.3,10.1,848,940,1115,0,lunch
I048,RC,50,13,150.0,27.8,16.2,1.35,39,donor_kitchen,19.10385,72.81724,11.7,10.1,1282,1394,1529,0,dinner
I048,RC,50,13,150.0,27.8,16.2,1.35,40,donor_kitchen,19.09311,72.84482,33.0,11.5,1282,1390,1502,0,dinner
I048,RC,50,13,150.0,27.8,16.2,1.35,41,donor_kitchen,19.10135,72.87643,87.3,15.5,862,1016,1300,0,lunch
I048,RC,50,13,150.0,27.8,16.2,1.35,42,donor_kitchen,19.11098,72.86188,43.3,12.7,554,663,730,1,breakfast
I048,RC,50,13,150.0,27.8,16.2,1.35,43,donor_kitchen,19.12009,72.79184,25.7,11.7,918,1059,1146,0,lunch
I048,RC,50,13,150.0,27.8,16.2,1.35,44,donor_kitchen,19.14468,72.89289,16.1,8.1,1254,1347,1667,0,dinner
I048,RC,50,13,150.0,27.8,16.2,1.35,45,donor_kitchen,19.15822,72.84364,17.4,10.7,883,1041,1095,0,lunch
I048,RC,50,13,150.0,27.8,16.2,1.35,46,donor_kitchen,19.12334,72.8901,20.6,12.9,543,660,862,0,breakfast
I048,RC,50,13,150.0,27.8,16.2,1.35,47,donor_kitchen,19.12963,72.81832,27.2,10.9,1298,1420,1633,0,dinner
I048,RC,50,13,150.0,27.8,16.2,1.35,48,donor_kitchen,19.12282,72.82683,46.9,12.2,1271,1437,1462,0,dinner
I048,RC,50,13,150.0,27.8,16.2,1.35,49,donor_kitchen,19.12009,72.84598,38.6,13.7,903,1036,1111,0,lunch
I048,RC,50,13,150.0,27.8,16.2,1.35,50,donor_kitchen,19.11945,72.84398,16.9,10.1,849,1018,1155,0,lunch
I049,RC,50,14,150.0,24.2,14.3,1.35,0,depot_hub,19.02584,72.94773,0.0,0.0,0,1800,1800,0,none
I049,RC,50,14,150.0,24.2,14.3,1.35,1,donor_kitchen,19.24246,72.83774,83.8,12.3,894,1012,1374,0,lunch
I049,RC,50,14,150.0,24.2,14.3,1.35,2,donor_kitchen,19.13532,72.86914,66.3,15.1,889,962,1358,0,lunch
I049,RC,50,14,150.0,24.2,14.3,1.35,3,donor_kitchen,19.00122,72.84471,27.2,12.0,926,994,1334,0,lunch
I049,RC,50,14,150.0,24.2,14.3,1.35,4,donor_kitchen,19.20486,72.97279,31.9,10.5,886,1016,1022,1,lunch
I049,RC,50,14,150.0,24.2,14.3,1.35,5,donor_kitchen,19.05098,72.97775,58.0,11.7,1259,1355,1492,0,dinner
I049,RC,50,14,150.0,24.2,14.3,1.35,6,donor_kitchen,18.90492,72.86028,22.0,12.2,1240,1330,1496,0,dinner
I049,RC,50,14,150.0,24.2,14.3,1.35,7,donor_kitchen,18.97699,72.84366,7.2,10.6,565,674,692,0,breakfast
I049,RC,50,14,150.0,24.2,14.3,1.35,8,donor_kitchen,19.13498,72.98394,14.4,11.7,1238,1361,1648,0,dinner
I049,RC,50,14,150.0,24.2,14.3,1.35,9,donor_kitchen,18.94088,72.93403,79.5,18.1,1299,1359,1700,0,dinner
I049,RC,50,14,150.0,24.2,14.3,1.35,10,donor_kitchen,18.91724,72.84247,14.1,10.6,1291,1404,1700,0,dinner
I049,RC,50,14,150.0,24.2,14.3,1.35,11,donor_kitchen,19.18096,72.94016,64.5,16.3,871,980,1026,1,lunch
I049,RC,50,14,150.0,24.2,14.3,1.35,12,donor_kitchen,19.06531,72.98943,70.6,13.8,1266,1436,1495,0,dinner
I049,RC,50,14,150.0,24.2,14.3,1.35,13,donor_kitchen,19.016,72.96195,32.1,10.4,530,704,665,0,breakfast
I049,RC,50,14,150.0,24.2,14.3,1.35,14,donor_kitchen,19.01219,72.902,42.6,10.4,847,959,1093,0,lunch
I049,RC,50,14,150.0,24.2,14.3,1.35,15,donor_kitchen,19.13708,72.90157,63.8,12.6,1232,1406,1525,0,dinner
I049,RC,50,14,150.0,24.2,14.3,1.35,16,donor_kitchen,19.20336,72.89588,28.1,8.8,1235,1379,1677,0,dinner
I049,RC,50,14,150.0,24.2,14.3,1.35,17,donor_kitchen,19.17756,72.81142,70.8,14.3,1249,1453,1469,0,dinner
I049,RC,50,14,150.0,24.2,14.3,1.35,18,donor_kitchen,18.99708,72.93265,20.5,10.6,1289,1416,1700,0,dinner
I049,RC,50,14,150.0,24.2,14.3,1.35,19,donor_kitchen,19.29674,72.894,22.6,10.8,915,1005,1395,0,lunch
I049,RC,50,14,150.0,24.2,14.3,1.35,20,donor_kitchen,19.24975,72.91067,14.1,10.7,540,616,885,0,breakfast
I049,RC,50,14,150.0,24.2,14.3,1.35,21,donor_kitchen,18.92819,72.90918,55.5,14.5,857,967,1128,0,lunch
I049,RC,50,14,150.0,24.2,14.3,1.35,22,donor_kitchen,19.03939,72.92175,13.4,9.6,1238,1375,1314,0,dinner
I049,RC,50,14,150.0,24.2,14.3,1.35,23,donor_kitchen,19.23127,72.8276,21.1,11.1,1280,1400,1455,0,dinner
I049,RC,50,14,150.0,24.2,14.3,1.35,24,donor_kitchen,19.05167,72.9108,10.8,9.1,840,956,1257,0,lunch
I049,RC,50,14,150.0,24.2,14.3,1.35,25,donor_kitchen,19.2136,72.92274,50.8,10.9,875,1028,1101,0,lunch
I049,RC,50,14,150.0,24.2,14.3,1.35,26,donor_kitchen,19.1223,72.90331,13.2,11.6,868,978,1065,0,lunch
I049,RC,50,14,150.0,24.2,14.3,1.35,27,donor_kitchen,19.04184,72.86456,37.8,13.7,845,1010,1193,0,lunch
I049,RC,50,14,150.0,24.2,14.3,1.35,28,donor_kitchen,19.16395,72.88088,18.8,10.2,1302,1441,1438,0,dinner
I049,RC,50,14,150.0,24.2,14.3,1.35,29,donor_kitchen,19.05035,72.90555,59.9,15.8,925,1010,1080,1,lunch
I049,RC,50,14,150.0,24.2,14.3,1.35,30,donor_kitchen,19.16205,72.85782,14.3,11.3,1316,1539,1700,0,dinner
I049,RC,50,14,150.0,24.2,14.3,1.35,31,donor_kitchen,19.21404,72.95048,22.4,11.0,896,1019,1239,0,lunch
I049,RC,50,14,150.0,24.2,14.3,1.35,32,donor_kitchen,19.13567,72.8698,19.4,8.4,1312,1401,1698,0,dinner
I049,RC,50,14,150.0,24.2,14.3,1.35,33,donor_kitchen,19.24872,72.9678,19.2,13.9,1316,1447,1643,0,dinner
I049,RC,50,14,150.0,24.2,14.3,1.35,34,donor_kitchen,19.1606,72.87086,12.8,9.7,1253,1384,1684,0,dinner
I049,RC,50,14,150.0,24.2,14.3,1.35,35,donor_kitchen,19.2366,72.9589,29.6,8.2,868,1001,1027,1,lunch
I049,RC,50,14,150.0,24.2,14.3,1.35,36,donor_kitchen,19.15123,72.84829,24.4,12.8,849,999,1099,0,lunch
I049,RC,50,14,150.0,24.2,14.3,1.35,37,donor_kitchen,19.2568,72.93927,7.7,11.5,1258,1318,1543,0,dinner
I049,RC,50,14,150.0,24.2,14.3,1.35,38,donor_kitchen,19.04327,72.90226,11.9,12.7,1273,1437,1617,0,dinner
I049,RC,50,14,150.0,24.2,14.3,1.35,39,donor_kitchen,19.22474,72.96217,18.5,9.5,1279,1401,1664,0,dinner
I049,RC,50,14,150.0,24.2,14.3,1.35,40,donor_kitchen,19.23804,72.96012,30.2,11.7,889,1064,1166,0,lunch
I049,RC,50,14,150.0,24.2,14.3,1.35,41,donor_kitchen,19.1551,72.87225,33.0,10.6,923,1117,1385,0,lunch
I049,RC,50,14,150.0,24.2,14.3,1.35,42,donor_kitchen,19.25722,72.95264,21.1,8.8,519,652,889,0,breakfast
I049,RC,50,14,150.0,24.2,14.3,1.35,43,donor_kitchen,19.13461,72.81847,10.5,8.3,893,961,1255,0,lunch
I049,RC,50,14,150.0,24.2,14.3,1.35,44,donor_kitchen,19.0055,72.86948,34.5,11.2,1279,1412,1531,0,dinner
I049,RC,50,14,150.0,24.2,14.3,1.35,45,donor_kitchen,19.03458,72.88649,21.3,10.3,910,1047,1332,0,lunch
I049,RC,50,14,150.0,24.2,14.3,1.35,46,donor_kitchen,19.02881,72.85171,31.6,14.5,871,965,1043,1,lunch
I049,RC,50,14,150.0,24.2,14.3,1.35,47,donor_kitchen,19.13141,72.87346,21.6,10.2,903,980,1365,0,lunch
I049,RC,50,14,150.0,24.2,14.3,1.35,48,donor_kitchen,19.03935,72.90778,27.8,10.5,1251,1363,1502,0,dinner
I049,RC,50,14,150.0,24.2,14.3,1.35,49,donor_kitchen,19.21661,72.92495,37.0,9.1,911,1000,1066,1,lunch
I049,RC,50,14,150.0,24.2,14.3,1.35,50,donor_kitchen,19.05865,72.88491,60.1,13.8,1246,1383,1654,0,dinner
I050,R,50,16,150.0,24.3,15.8,1.35,0,depot_hub,19.2131,72.91754,0.0,0.0,0,1800,1800,0,none
I050,R,50,16,150.0,24.3,15.8,1.35,1,donor_kitchen,19.10296,72.86938,135.0,19.1,1241,1313,1420,1,dinner
I050,R,50,16,150.0,24.3,15.8,1.35,2,donor_kitchen,19.05416,72.87259,101.3,13.2,853,971,1187,0,lunch
I050,R,50,16,150.0,24.3,15.8,1.35,3,donor_kitchen,18.97651,72.96503,36.8,13.8,1301,1525,1605,0,dinner
I050,R,50,16,150.0,24.3,15.8,1.35,4,donor_kitchen,18.94298,72.90266,32.5,9.5,855,930,1061,0,lunch
I050,R,50,16,150.0,24.3,15.8,1.35,5,donor_kitchen,19.10253,72.83562,25.0,13.0,848,908,1207,0,lunch
I050,R,50,16,150.0,24.3,15.8,1.35,6,donor_kitchen,19.1169,72.9019,7.4,11.5,880,976,1135,0,lunch
I050,R,50,16,150.0,24.3,15.8,1.35,7,donor_kitchen,19.12089,72.94062,17.6,9.2,888,1010,1244,0,lunch
I050,R,50,16,150.0,24.3,15.8,1.35,8,donor_kitchen,19.14993,72.86687,62.7,16.4,863,993,1092,0,lunch
I050,R,50,16,150.0,24.3,15.8,1.35,9,donor_kitchen,19.15228,72.80791,44.0,13.2,1285,1391,1620,0,dinner
I050,R,50,16,150.0,24.3,15.8,1.35,10,donor_kitchen,19.25924,72.93466,23.1,13.6,877,953,1357,0,lunch
I050,R,50,16,150.0,24.3,15.8,1.35,11,donor_kitchen,19.01642,72.85853,17.7,9.6,926,1021,1254,0,lunch
I050,R,50,16,150.0,24.3,15.8,1.35,12,donor_kitchen,19.08063,72.85001,24.8,10.0,917,1038,1239,0,lunch
I050,R,50,16,150.0,24.3,15.8,1.35,13,donor_kitchen,19.09613,72.90753,33.8,13.5,864,1020,1250,0,lunch
I050,R,50,16,150.0,24.3,15.8,1.35,14,donor_kitchen,19.01723,72.89683,28.5,8.5,1249,1309,1676,0,dinner
I050,R,50,16,150.0,24.3,15.8,1.35,15,donor_kitchen,18.90247,72.92257,15.7,7.0,1319,1402,1441,1,dinner
I050,R,50,16,150.0,24.3,15.8,1.35,16,donor_kitchen,19.18081,72.99384,44.9,12.6,1306,1464,1527,0,dinner
I050,R,50,16,150.0,24.3,15.8,1.35,17,donor_kitchen,19.12272,72.95697,79.7,14.1,915,975,1105,0,lunch
I050,R,50,16,150.0,24.3,15.8,1.35,18,donor_kitchen,18.97824,72.84143,21.8,7.8,854,1006,1215,0,lunch
I050,R,50,16,150.0,24.3,15.8,1.35,19,donor_kitchen,19.05248,72.87125,17.5,10.5,917,1089,1204,0,lunch
I050,R,50,16,150.0,24.3,15.8,1.35,20,donor_kitchen,19.16342,72.9319,10.4,8.0,1314,1434,1700,0,dinner
I050,R,50,16,150.0,24.3,15.8,1.35,21,donor_kitchen,19.19574,72.82143,19.8,10.9,1240,1334,1700,0,dinner
I050,R,50,16,150.0,24.3,15.8,1.35,22,donor_kitchen,19.24569,72.81474,8.3,8.8,900,1064,1020,1,lunch
I050,R,50,16,150.0,24.3,15.8,1.35,23,donor_kitchen,19.13712,72.81812,15.6,8.5,918,978,1398,0,lunch
I050,R,50,16,150.0,24.3,15.8,1.35,24,donor_kitchen,18.95101,72.86402,12.0,10.0,1276,1411,1635,0,dinner
I050,R,50,16,150.0,24.3,15.8,1.35,25,donor_kitchen,18.94866,72.97349,28.0,11.1,1310,1399,1624,0,dinner
I050,R,50,16,150.0,24.3,15.8,1.35,26,donor_kitchen,18.98389,72.81635,37.4,12.4,552,672,958,0,breakfast
I050,R,50,16,150.0,24.3,15.8,1.35,27,donor_kitchen,19.0339,72.95979,18.7,9.5,848,985,1129,0,lunch
I050,R,50,16,150.0,24.3,15.8,1.35,28,donor_kitchen,19.10357,72.83012,19.3,11.9,840,990,1040,0,lunch
I050,R,50,16,150.0,24.3,15.8,1.35,29,donor_kitchen,19.01875,72.8037,17.3,9.6,888,988,1236,0,lunch
I050,R,50,16,150.0,24.3,15.8,1.35,30,donor_kitchen,18.97693,72.964,10.3,8.8,1280,1351,1700,0,dinner
I050,R,50,16,150.0,24.3,15.8,1.35,31,donor_kitchen,18.9767,72.96637,58.2,13.7,1277,1394,1416,1,dinner
I050,R,50,16,150.0,24.3,15.8,1.35,32,donor_kitchen,18.91923,72.80404,18.3,11.2,902,971,1184,0,lunch
I050,R,50,16,150.0,24.3,15.8,1.35,33,donor_kitchen,19.26697,72.92985,33.2,12.0,1294,1424,1581,0,dinner
I050,R,50,16,150.0,24.3,15.8,1.35,34,donor_kitchen,19.00773,72.97616,27.6,10.7,880,952,1041,1,lunch
I050,R,50,16,150.0,24.3,15.8,1.35,35,donor_kitchen,19.12457,72.90233,71.1,16.1,928,1065,1079,1,lunch
I050,R,50,16,150.0,24.3,15.8,1.35,36,donor_kitchen,18.97893,72.94269,38.4,14.3,1230,1360,1700,0,dinner
I050,R,50,16,150.0,24.3,15.8,1.35,37,donor_kitchen,19.11408,72.93619,35.8,8.0,919,1014,1309,0,lunch
I050,R,50,16,150.0,24.3,15.8,1.35,38,donor_kitchen,19.22568,72.84737,106.6,18.1,1298,1441,1700,0,dinner
I050,R,50,16,150.0,24.3,15.8,1.35,39,donor_kitchen,19.14708,72.88817,30.5,10.0,1233,1369,1449,0,dinner
I050,R,50,16,150.0,24.3,15.8,1.35,40,donor_kitchen,18.91845,72.85966,66.0,14.0,918,991,1110,0,lunch
I050,R,50,16,150.0,24.3,15.8,1.35,41,donor_kitchen,19.19004,72.83605,13.4,9.6,863,973,1079,0,lunch
I050,R,50,16,150.0,24.3,15.8,1.35,42,donor_kitchen,18.99131,72.93262,18.4,5.7,1254,1400,1537,0,dinner
I050,R,50,16,150.0,24.3,15.8,1.35,43,donor_kitchen,19.18123,72.8615,48.2,11.7,1287,1359,1700,0,dinner
I050,R,50,16,150.0,24.3,15.8,1.35,44,donor_kitchen,19.26982,72.87773,19.5,11.2,1264,1385,1668,0,dinner
I050,R,50,16,150.0,24.3,15.8,1.35,45,donor_kitchen,19.07437,72.83751,14.0,9.3,919,1064,1255,0,lunch
I050,R,50,16,150.0,24.3,15.8,1.35,46,donor_kitchen,19.24986,72.89588,4.5,7.5,1310,1404,1671,0,dinner
I050,R,50,16,150.0,24.3,15.8,1.35,47,donor_kitchen,19.25573,72.80574,7.1,9.3,1261,1394,1700,0,dinner
I050,R,50,16,150.0,24.3,15.8,1.35,48,donor_kitchen,18.90422,72.87137,23.9,11.4,566,663,692,1,breakfast
I050,R,50,16,150.0,24.3,15.8,1.35,49,donor_kitchen,19.17372,72.88012,7.8,8.4,1237,1345,1700,0,dinner
I050,R,50,16,150.0,24.3,15.8,1.35,50,donor_kitchen,18.91365,72.82849,22.5,10.1,1281,1389,1518,0,dinner
I051,RC,50,14,150.0,25.0,14.8,1.35,0,depot_hub,19.09276,72.90629,0.0,0.0,0,1800,1800,0,none
I051,RC,50,14,150.0,25.0,14.8,1.35,1,donor_kitchen,19.0124,72.97055,45.8,14.1,1302,1416,1528,0,dinner
I051,RC,50,14,150.0,25.0,14.8,1.35,2,donor_kitchen,18.96176,72.84868,63.4,11.2,900,1007,1232,0,lunch
I051,RC,50,14,150.0,25.0,14.8,1.35,3,donor_kitchen,19.14294,72.87071,14.9,12.6,898,1009,1251,0,lunch
I051,RC,50,14,150.0,25.0,14.8,1.35,4,donor_kitchen,19.25963,72.93263,33.6,10.7,876,1010,1323,0,lunch
I051,RC,50,14,150.0,25.0,14.8,1.35,5,donor_kitchen,19.29001,72.88606,28.9,9.9,878,1045,1358,0,lunch
I051,RC,50,14,150.0,25.0,14.8,1.35,6,donor_kitchen,18.97649,72.93344,20.6,12.0,1260,1402,1700,0,dinner
I051,RC,50,14,150.0,25.0,14.8,1.35,7,donor_kitchen,19.23388,72.84026,25.1,12.0,1255,1371,1700,0,dinner
I051,RC,50,14,150.0,25.0,14.8,1.35,8,donor_kitchen,18.93671,72.88552,14.2,9.2,1293,1353,1465,0,dinner
I051,RC,50,14,150.0,25.0,14.8,1.35,9,donor_kitchen,19.2603,72.98455,17.4,10.2,885,1049,1183,0,lunch
I051,RC,50,14,150.0,25.0,14.8,1.35,10,donor_kitchen,19.27112,72.96187,46.1,13.8,1280,1444,1544,0,dinner
I051,RC,50,14,150.0,25.0,14.8,1.35,11,donor_kitchen,18.98242,72.94195,28.0,9.7,1288,1407,1418,1,dinner
I051,RC,50,14,150.0,25.0,14.8,1.35,12,donor_kitchen,18.97898,72.86655,6.9,10.4,908,997,1372,0,lunch
I051,RC,50,14,150.0,25.0,14.8,1.35,13,donor_kitchen,18.93234,72.96175,8.9,9.9,905,1088,1140,0,lunch
I051,RC,50,14,150.0,25.0,14.8,1.35,14,donor_kitchen,18.9559,72.90825,50.0,11.2,887,1024,1013,0,lunch
I051,RC,50,14,150.0,25.0,14.8,1.35,15,donor_kitchen,18.93371,72.85776,47.9,10.4,856,975,1205,0,lunch
I051,RC,50,14,150.0,25.0,14.8,1.35,16,donor_kitchen,19.14488,72.92491,56.4,12.7,871,1035,1009,0,lunch
I051,RC,50,14,150.0,25.0,14.8,1.35,17,donor_kitchen,19.01766,72.89805,16.8,9.4,1268,1364,1410,1,dinner
I051,RC,50,14,150.0,25.0,14.8,1.35,18,donor_kitchen,19.1157,72.97988,26.4,10.2,1248,1404,1436,0,dinner
I051,RC,50,14,150.0,25.0,14.8,1.35,19,donor_kitchen,19.08602,72.89165,14.1,12.3,1230,1329,1463,0,dinner
I051,RC,50,14,150.0,25.0,14.8,1.35,20,donor_kitchen,18.96269,72.87681,78.5,14.8,852,1012,1268,0,lunch
I051,RC,50,14,150.0,25.0,14.8,1.35,21,donor_kitchen,18.97306,72.92025,17.9,10.0,866,962,1183,0,lunch
I051,RC,50,14,150.0,25.0,14.8,1.35,22,donor_kitchen,19.13227,72.94401,45.3,12.9,901,1037,1077,0,lunch
I051,RC,50,14,150.0,25.0,14.8,1.35,23,donor_kitchen,18.92427,72.83934,20.8,9.7,1295,1425,1519,0,dinner
I051,RC,50,14,150.0,25.0,14.8,1.35,24,donor_kitchen,19.07038,72.85367,27.2,11.8,893,1037,1373,0,lunch
I051,RC,50,14,150.0,25.0,14.8,1.35,25,donor_kitchen,18.90056,72.85015,13.2,9.8,1264,1339,1461,0,dinner
I051,RC,50,14,150.0,25.0,14.8,1.35,26,donor_kitchen,19.0476,72.90612,37.3,14.1,1252,1443,1536,0,dinner
I051,RC,50,14,150.0,25.0,14.8,1.35,27,donor_kitchen,19.21551,72.80217,28.1,13.9,525,657,675,0,breakfast
I051,RC,50,14,150.0,25.0,14.8,1.35,28,donor_kitchen,19.03288,72.90147,10.0,9.3,530,605,732,0,breakfast
I051,RC,50,14,150.0,25.0,14.8,1.35,29,donor_kitchen,19.0362,72.81362,27.6,11.1,500,589,980,0,breakfast
I051,RC,50,14,150.0,25.0,14.8,1.35,30,donor_kitchen,19.04189,72.9078,16.2,9.6,500,580,839,0,breakfast
I051,RC,50,14,150.0,25.0,14.8,1.35,31,donor_kitchen,19.06288,72.8233,13.8,10.0,855,1005,1335,0,lunch
I051,RC,50,14,150.0,25.0,14.8,1.35,32,donor_kitchen,19.11106,72.85316,24.9,10.3,1291,1402,1654,0,dinner
I051,RC,50,14,150.0,25.0,14.8,1.35,33,donor_kitchen,19.0353,72.80968,6.4,10.3,1279,1387,1635,0,dinner
I051,RC,50,14,150.0,25.0,14.8,1.35,34,donor_kitchen,19.11882,72.79503,69.2,14.8,1274,1472,1467,0,dinner
I051,RC,50,14,150.0,25.0,14.8,1.35,35,donor_kitchen,19.15628,72.80891,60.1,10.6,882,977,1344,0,lunch
I051,RC,50,14,150.0,25.0,14.8,1.35,36,donor_kitchen,19.17751,72.80216,24.5,10.8,504,641,984,0,breakfast
I051,RC,50,14,150.0,25.0,14.8,1.35,37,donor_kitchen,19.06118,72.8533,13.9,10.1,892,1038,1338,0,lunch
I051,RC,50,14,150.0,25.0,14.8,1.35,38,donor_kitchen,19.02616,72.90759,34.3,10.7,885,1010,1365,0,lunch
I051,RC,50,14,150.0,25.0,14.8,1.35,39,donor_kitchen,19.14814,72.81996,48.7,12.0,844,991,1295,0,lunch
I051,RC,50,14,150.0,25.0,14.8,1.35,40,donor_kitchen,19.10984,72.81551,57.2,11.4,907,1014,1387,0,lunch
I051,RC,50,14,150.0,25.0,14.8,1.35,41,donor_kitchen,19.17585,72.80563,34.5,14.0,1315,1472,1700,0,dinner
I051,RC,50,14,150.0,25.0,14.8,1.35,42,donor_kitchen,19.11174,72.82238,16.6,12.7,877,971,1139,0,lunch
I051,RC,50,14,150.0,25.0,14.8,1.35,43,donor_kitchen,19.17179,72.81196,46.0,15.1,1241,1329,1700,0,dinner
I051,RC,50,14,150.0,25.0,14.8,1.35,44,donor_kitchen,19.04415,72.94766,46.6,11.8,495,701,849,0,breakfast
I051,RC,50,14,150.0,25.0,14.8,1.35,45,donor_kitchen,19.09862,72.86355,8.3,11.8,1279,1451,1700,0,dinner
I051,RC,50,14,150.0,25.0,14.8,1.35,46,donor_kitchen,19.07557,72.86529,10.6,9.2,508,655,887,0,breakfast
I051,RC,50,14,150.0,25.0,14.8,1.35,47,donor_kitchen,19.08407,72.82243,42.0,11.4,1312,1495,1516,0,dinner
I051,RC,50,14,150.0,25.0,14.8,1.35,48,donor_kitchen,19.06986,72.82181,22.7,12.3,919,981,1111,0,lunch
I051,RC,50,14,150.0,25.0,14.8,1.35,49,donor_kitchen,19.05209,72.85622,54.9,11.7,1264,1353,1557,0,dinner
I051,RC,50,14,150.0,25.0,14.8,1.35,50,donor_kitchen,19.05912,72.82761,32.7,12.0,510,622,730,0,breakfast
I052,RC,50,13,300.0,26.7,14.8,1.35,0,depot_hub,19.20954,72.82947,0.0,0.0,0,1800,1800,0,none
I052,RC,50,13,300.0,26.7,14.8,1.35,1,donor_kitchen,19.05032,72.91224,35.3,10.9,1317,1435,1566,0,dinner
I052,RC,50,13,300.0,26.7,14.8,1.35,2,donor_kitchen,19.16354,72.84348,48.7,9.9,1266,1447,1524,0,dinner
I052,RC,50,13,300.0,26.7,14.8,1.35,3,donor_kitchen,19.16233,72.87711,32.8,9.2,1252,1318,1419,1,dinner
I052,RC,50,13,300.0,26.7,14.8,1.35,4,donor_kitchen,19.21077,72.9315,3.4,9.3,550,635,855,0,breakfast
I052,RC,50,13,300.0,26.7,14.8,1.35,5,donor_kitchen,19.07232,72.98243,44.9,11.6,841,972,1098,0,lunch
I052,RC,50,13,300.0,26.7,14.8,1.35,6,donor_kitchen,19.03156,72.90389,3.6,8.2,1265,1361,1551,0,dinner
I052,RC,50,13,300.0,26.7,14.8,1.35,7,donor_kitchen,19.12932,72.93598,62.1,14.6,843,1072,1069,0,lunch
I052,RC,50,13,300.0,26.7,14.8,1.35,8,donor_kitchen,19.05927,72.90462,36.8,11.3,903,1078,1378,0,lunch
I052,RC,50,13,300.0,26.7,14.8,1.35,9,donor_kitchen,19.02129,72.86608,8.5,10.3,1301,1447,1623,0,dinner
I052,RC,50,13,300.0,26.7,14.8,1.35,10,donor_kitchen,19.08242,72.92066,25.5,10.4,482,586,637,1,breakfast
I052,RC,50,13,300.0,26.7,14.8,1.35,11,donor_kitchen,18.95087,72.84561,18.9,10.6,531,686,867,0,breakfast
I052,RC,50,13,300.0,26.7,14.8,1.35,12,donor_kitchen,19.04005,72.84539,55.6,11.0,1315,1462,1556,0,dinner
I052,RC,50,13,300.0,26.7,14.8,1.35,13,donor_kitchen,19.22395,72.82204,28.0,13.1,1282,1383,1448,1,dinner
I052,RC,50,13,300.0,26.7,14.8,1.35,14,donor_kitchen,19.07006,72.87617,19.8,10.0,848,998,1099,0,lunch
I052,RC,50,13,300.0,26.7,14.8,1.35,15,donor_kitchen,19.1957,72.9966,27.0,10.7,842,968,1098,0,lunch
I052,RC,50,13,300.0,26.7,14.8,1.35,16,donor_kitchen,19.08729,72.89121,16.4,9.3,1278,1444,1630,0,dinner
I052,RC,50,13,300.0,26.7,14.8,1.35,17,donor_kitchen,19.11812,72.83281,22.7,10.8,848,908,998,0,lunch
I052,RC,50,13,300.0,26.7,14.8,1.35,18,donor_kitchen,18.94645,72.9188,14.0,10.3,903,963,1065,1,lunch
I052,RC,50,13,300.0,26.7,14.8,1.35,19,donor_kitchen,19.1826,72.98253,48.2,12.1,866,981,1236,0,lunch
I052,RC,50,13,300.0,26.7,14.8,1.35,20,donor_kitchen,19.14214,72.93013,24.5,11.1,917,1089,1147,0,lunch
I052,RC,50,13,300.0,26.7,14.8,1.35,21,donor_kitchen,19.22742,72.95236,13.0,8.6,869,974,1006,1,lunch
I052,RC,50,13,300.0,26.7,14.8,1.35,22,donor_kitchen,18.99906,72.82409,31.5,11.5,899,1023,1099,0,lunch
I052,RC,50,13,300.0,26.7,14.8,1.35,23,donor_kitchen,19.14445,72.99107,12.1,8.5,551,775,957,0,breakfast
I052,RC,50,13,300.0,26.7,14.8,1.35,24,donor_kitchen,19.00549,72.83092,76.9,14.4,861,937,1121,0,lunch
I052,RC,50,13,300.0,26.7,14.8,1.35,25,donor_kitchen,18.93882,72.90256,52.0,13.5,925,1065,1145,0,lunch
I052,RC,50,13,300.0,26.7,14.8,1.35,26,donor_kitchen,19.19621,72.9586,26.1,9.8,1255,1353,1375,1,dinner
I052,RC,50,13,300.0,26.7,14.8,1.35,27,donor_kitchen,19.02876,72.9206,15.7,9.3,882,1012,1140,0,lunch
I052,RC,50,13,300.0,26.7,14.8,1.35,28,donor_kitchen,19.12175,72.93747,144.8,19.3,925,1064,1194,0,lunch
I052,RC,50,13,300.0,26.7,14.8,1.35,29,donor_kitchen,19.1238,72.9141,29.5,10.7,897,1039,1170,0,lunch
I052,RC,50,13,300.0,26.7,14.8,1.35,30,donor_kitchen,19.17014,72.95304,6.6,9.3,1273,1379,1582,0,dinner
I052,RC,50,13,300.0,26.7,14.8,1.35,31,donor_kitchen,19.2132,72.962,27.6,11.2,840,900,1078,0,lunch
I052,RC,50,13,300.0,26.7,14.8,1.35,32,donor_kitchen,19.05313,72.89006,31.8,12.1,1243,1320,1700,0,dinner
I052,RC,50,13,300.0,26.7,14.8,1.35,33,donor_kitchen,19.17069,72.95973,7.9,8.4,886,1013,1091,0,lunch
I052,RC,50,13,300.0,26.7,14.8,1.35,34,donor_kitchen,19.16643,72.99503,9.9,8.3,1275,1363,1691,0,dinner
I052,RC,50,13,300.0,26.7,14.8,1.35,35,donor_kitchen,19.09069,72.87553,3.4,10.5,871,942,1067,0,lunch
I052,RC,50,13,300.0,26.7,14.8,1.35,36,donor_kitchen,19.21516,72.96308,23.2,13.2,863,1011,1133,0,lunch
I052,RC,50,13,300.0,26.7,14.8,1.35,37,donor_kitchen,19.09412,72.91896,19.4,10.5,888,1035,1313,0,lunch
I052,RC,50,13,300.0,26.7,14.8,1.35,38,donor_kitchen,19.06232,72.92801,14.9,12.0,911,1024,1391,0,lunch
I052,RC,50,13,300.0,26.7,14.8,1.35,39,donor_kitchen,19.0971,72.92294,15.7,11.0,880,981,1234,0,lunch
I052,RC,50,13,300.0,26.7,14.8,1.35,40,donor_kitchen,19.15986,72.94788,25.0,13.0,1261,1395,1485,0,dinner
I052,RC,50,13,300.0,26.7,14.8,1.35,41,donor_kitchen,19.12253,72.93616,15.0,12.1,1269,1408,1700,0,dinner
I052,RC,50,13,300.0,26.7,14.8,1.35,42,donor_kitchen,19.09191,72.89724,25.5,9.8,884,985,1027,1,lunch
I052,RC,50,13,300.0,26.7,14.8,1.35,43,donor_kitchen,19.19414,72.95749,20.7,12.8,919,1030,1324,0,lunch
I052,RC,50,13,300.0,26.7,14.8,1.35,44,donor_kitchen,19.17024,72.95509,20.3,10.9,927,1046,1338,0,lunch
I052,RC,50,13,300.0,26.7,14.8,1.35,45,donor_kitchen,19.11906,72.92933,38.9,12.9,1265,1373,1564,0,dinner
I052,RC,50,13,300.0,26.7,14.8,1.35,46,donor_kitchen,19.06689,72.84662,86.1,14.7,1287,1390,1473,0,dinner
I052,RC,50,13,300.0,26.7,14.8,1.35,47,donor_kitchen,19.09789,72.9582,19.2,11.1,1283,1429,1599,0,dinner
I052,RC,50,13,300.0,26.7,14.8,1.35,48,donor_kitchen,19.03518,72.90112,78.6,14.2,1304,1364,1456,1,dinner
I052,RC,50,13,300.0,26.7,14.8,1.35,49,donor_kitchen,19.05081,72.86816,35.7,12.3,884,1003,1059,1,lunch
I052,RC,50,13,300.0,26.7,14.8,1.35,50,donor_kitchen,19.07648,72.9494,20.5,11.7,866,1002,1090,0,lunch
I053,C,50,12,300.0,24.0,14.7,1.35,0,depot_hub,19.00389,72.96015,0.0,0.0,0,1800,1800,0,none
I053,C,50,12,300.0,24.0,14.7,1.35,1,donor_kitchen,19.15582,72.98004,12.9,9.7,1302,1451,1594,0,dinner
I053,C,50,12,300.0,24.0,14.7,1.35,2,donor_kitchen,18.97063,72.92255,6.3,7.6,1278,1438,1527,0,dinner
I053,C,50,12,300.0,24.0,14.7,1.35,3,donor_kitchen,19.11175,72.95584,8.9,7.2,1289,1473,1629,0,dinner
I053,C,50,12,300.0,24.0,14.7,1.35,4,donor_kitchen,19.10921,72.97196,25.5,9.9,1281,1355,1575,0,dinner
I053,C,50,12,300.0,24.0,14.7,1.35,5,donor_kitchen,19.14953,72.97871,25.0,11.2,864,961,1051,0,lunch
I053,C,50,12,300.0,24.0,14.7,1.35,6,donor_kitchen,18.93445,72.96047,63.9,13.0,926,1022,1234,0,lunch
I053,C,50,12,300.0,24.0,14.7,1.35,7,donor_kitchen,18.97963,72.98184,19.0,10.6,1271,1427,1446,1,dinner
I053,C,50,12,300.0,24.0,14.7,1.35,8,donor_kitchen,19.00227,72.9069,29.6,9.3,924,1046,1336,0,lunch
I053,C,50,12,300.0,24.0,14.7,1.35,9,donor_kitchen,19.11637,72.9668,7.2,10.6,892,1080,1320,0,lunch
I053,C,50,12,300.0,24.0,14.7,1.35,10,donor_kitchen,18.93252,72.97052,7.3,10.8,1310,1387,1600,0,dinner
I053,C,50,12,300.0,24.0,14.7,1.35,11,donor_kitchen,18.90659,72.95854,14.5,9.9,1268,1396,1412,0,dinner
I053,C,50,12,300.0,24.0,14.7,1.35,12,donor_kitchen,18.99069,72.94587,43.4,8.0,852,950,1332,0,lunch
I053,C,50,12,300.0,24.0,14.7,1.35,13,donor_kitchen,19.11237,72.95884,47.9,13.5,862,1021,1282,0,lunch
I053,C,50,12,300.0,24.0,14.7,1.35,14,donor_kitchen,18.9719,72.94598,17.4,11.0,907,1002,1002,0,lunch
I053,C,50,12,300.0,24.0,14.7,1.35,15,donor_kitchen,19.10497,72.98415,11.4,10.6,852,981,1136,0,lunch
I053,C,50,12,300.0,24.0,14.7,1.35,16,donor_kitchen,19.13109,72.97637,23.7,8.9,1318,1411,1518,0,dinner
I053,C,50,12,300.0,24.0,14.7,1.35,17,donor_kitchen,19.11777,72.9725,9.6,9.1,886,969,1366,0,lunch
I053,C,50,12,300.0,24.0,14.7,1.35,18,donor_kitchen,18.96708,72.96911,22.2,12.6,897,963,1223,0,lunch
I053,C,50,12,300.0,24.0,14.7,1.35,19,donor_kitchen,19.20042,72.9982,12.8,9.6,1316,1463,1628,0,dinner
I053,C,50,12,300.0,24.0,14.7,1.35,20,donor_kitchen,19.20086,72.98908,25.4,9.6,911,999,1201,0,lunch
I053,C,50,12,300.0,24.0,14.7,1.35,21,donor_kitchen,19.08449,72.98458,13.7,9.3,915,1010,1231,0,lunch
I053,C,50,12,300.0,24.0,14.7,1.35,22,donor_kitchen,19.18604,73.01692,37.4,13.3,1235,1303,1523,0,dinner
I053,C,50,12,300.0,24.0,14.7,1.35,23,donor_kitchen,18.98072,72.97381,24.4,9.0,1289,1392,1700,0,dinner
I053,C,50,12,300.0,24.0,14.7,1.35,24,donor_kitchen,19.09595,72.99994,18.6,9.2,924,1009,1341,0,lunch
I053,C,50,12,300.0,24.0,14.7,1.35,25,donor_kitchen,19.13408,72.96222,17.2,11.8,1291,1379,1700,0,dinner
I053,C,50,12,300.0,24.0,14.7,1.35,26,donor_kitchen,19.11998,72.98546,32.1,10.2,1254,1382,1488,0,dinner
I053,C,50,12,300.0,24.0,14.7,1.35,27,donor_kitchen,19.00154,72.97835,3.0,9.7,863,963,1023,0,lunch
I053,C,50,12,300.0,24.0,14.7,1.35,28,donor_kitchen,19.00088,72.96123,20.0,10.1,1311,1419,1586,0,dinner
I053,C,50,12,300.0,24.0,14.7,1.35,29,donor_kitchen,18.94609,72.8949,82.2,12.8,922,1073,1125,0,lunch
I053,C,50,12,300.0,24.0,14.7,1.35,30,donor_kitchen,19.09276,72.96511,48.2,10.9,1243,1363,1700,0,dinner
I053,C,50,12,300.0,24.0,14.7,1.35,31,donor_kitchen,18.98775,72.92643,39.8,13.5,858,942,1338,0,lunch
I053,C,50,12,300.0,24.0,14.7,1.35,32,donor_kitchen,18.95395,72.96034,43.4,11.7,840,966,1320,0,lunch
I053,C,50,12,300.0,24.0,14.7,1.35,33,donor_kitchen,18.96483,72.91816,4.5,6.0,1290,1350,1444,0,dinner
I053,C,50,12,300.0,24.0,14.7,1.35,34,donor_kitchen,19.20639,72.95262,27.9,10.0,1260,1320,1513,0,dinner
I053,C,50,12,300.0,24.0,14.7,1.35,35,donor_kitchen,19.14662,72.98604,31.2,9.7,1283,1448,1389,0,dinner
I053,C,50,12,300.0,24.0,14.7,1.35,36,donor_kitchen,18.93284,72.95288,28.5,11.2,1235,1295,1571,0,dinner
I053,C,50,12,300.0,24.0,14.7,1.35,37,donor_kitchen,19.1161,73.0065,49.4,10.7,488,621,968,0,breakfast
I053,C,50,12,300.0,24.0,14.7,1.35,38,donor_kitchen,19.11039,72.98933,18.8,10.2,921,1029,1147,0,lunch
I053,C,50,12,300.0,24.0,14.7,1.35,39,donor_kitchen,19.12879,73.01535,21.8,10.2,915,1044,1124,0,lunch
I053,C,50,12,300.0,24.0,14.7,1.35,40,donor_kitchen,19.12228,72.97161,11.9,8.6,1306,1413,1452,1,dinner
I053,C,50,12,300.0,24.0,14.7,1.35,41,donor_kitchen,19.17365,72.96914,25.5,12.6,898,1009,1198,0,lunch
I053,C,50,12,300.0,24.0,14.7,1.35,42,donor_kitchen,19.09451,73.00045,8.1,8.0,1281,1341,1459,1,dinner
I053,C,50,12,300.0,24.0,14.7,1.35,43,donor_kitchen,19.15732,72.9528,4.5,11.9,1272,1361,1671,0,dinner
I053,C,50,12,300.0,24.0,14.7,1.35,44,donor_kitchen,19.12132,72.9775,111.3,17.2,875,961,1080,0,lunch
I053,C,50,12,300.0,24.0,14.7,1.35,45,donor_kitchen,19.13406,73.03239,24.3,9.5,851,1001,1141,0,lunch
I053,C,50,12,300.0,24.0,14.7,1.35,46,donor_kitchen,19.17659,72.9707,48.5,13.5,868,971,1042,1,lunch
I053,C,50,12,300.0,24.0,14.7,1.35,47,donor_kitchen,19.19319,73.02531,52.8,12.1,1268,1367,1393,1,dinner
I053,C,50,12,300.0,24.0,14.7,1.35,48,donor_kitchen,18.97427,72.91564,41.9,13.1,513,656,864,0,breakfast
I053,C,50,12,300.0,24.0,14.7,1.35,49,donor_kitchen,19.24018,72.96064,19.3,9.8,845,965,1005,0,lunch
I053,C,50,12,300.0,24.0,14.7,1.35,50,donor_kitchen,19.12975,73.00817,20.0,11.3,854,914,1334,0,lunch
I054,C,50,12,300.0,30.6,16.3,1.35,0,depot_hub,19.20697,72.92853,0.0,0.0,0,1800,1800,0,none
I054,C,50,12,300.0,30.6,16.3,1.35,1,donor_kitchen,19.14318,72.92822,19.9,13.1,848,923,1121,0,lunch
I054,C,50,12,300.0,30.6,16.3,1.35,2,donor_kitchen,19.07283,72.9179,67.5,16.3,1236,1328,1617,0,dinner
I054,C,50,12,300.0,30.6,16.3,1.35,3,donor_kitchen,19.11262,72.93503,10.1,12.1,851,928,1183,0,lunch
I054,C,50,12,300.0,30.6,16.3,1.35,4,donor_kitchen,19.13456,72.93046,91.1,16.3,924,986,1134,0,lunch
I054,C,50,12,300.0,30.6,16.3,1.35,5,donor_kitchen,18.95925,72.95141,26.1,12.3,1242,1302,1699,0,dinner
I054,C,50,12,300.0,30.6,16.3,1.35,6,donor_kitchen,19.14881,72.95056,60.2,13.2,882,987,1008,1,lunch
I054,C,50,12,300.0,30.6,16.3,1.35,7,donor_kitchen,19.14199,72.92587,67.2,13.7,928,1060,1301,0,lunch
I054,C,50,12,300.0,30.6,16.3,1.35,8,donor_kitchen,19.21185,72.94796,29.5,10.8,858,929,1010,0,lunch
I054,C,50,12,300.0,30.6,16.3,1.35,9,donor_kitchen,18.98425,72.92432,142.5,19.9,872,992,1096,0,lunch
I054,C,50,12,300.0,30.6,16.3,1.35,10,donor_kitchen,19.10799,72.92017,26.1,9.6,1284,1391,1464,0,dinner
I054,C,50,12,300.0,30.6,16.3,1.35,11,donor_kitchen,19.19589,72.91563,57.5,11.6,1279,1374,1411,1,dinner
I054,C,50,12,300.0,30.6,16.3,1.35,12,donor_kitchen,19.11964,72.87608,17.4,10.9,1289,1350,1414,1,dinner
I054,C,50,12,300.0,30.6,16.3,1.35,13,donor_kitchen,19.22438,72.93703,9.2,9.4,550,625,1030,0,breakfast
I054,C,50,12,300.0,30.6,16.3,1.35,14,donor_kitchen,19.11984,72.9336,41.9,11.5,568,731,811,0,breakfast
I054,C,50,12,300.0,30.6,16.3,1.35,15,donor_kitchen,19.19625,72.94094,6.0,10.0,858,1008,1195,0,lunch
I054,C,50,12,300.0,30.6,16.3,1.35,16,donor_kitchen,19.21466,72.92708,19.1,8.8,1269,1425,1392,1,dinner
I054,C,50,12,300.0,30.6,16.3,1.35,17,donor_kitchen,19.0941,72.92596,52.1,12.3,1267,1433,1408,1,dinner
I054,C,50,12,300.0,30.6,16.3,1.35,18,donor_kitchen,19.19974,72.90554,18.3,6.5,877,979,1121,0,lunch
I054,C,50,12,300.0,30.6,16.3,1.35,19,donor_kitchen,18.93578,72.93298,32.1,9.5,1274,1410,1448,1,dinner
I054,C,50,12,300.0,30.6,16.3,1.35,20,donor_kitchen,18.98262,72.89525,41.0,10.6,1239,1347,1700,0,dinner
I054,C,50,12,300.0,30.6,16.3,1.35,21,donor_kitchen,19.19912,72.95719,22.2,9.5,872,1018,1322,0,lunch
I054,C,50,12,300.0,30.6,16.3,1.35,22,donor_kitchen,19.18576,72.94987,36.8,8.8,500,565,641,1,breakfast
I054,C,50,12,300.0,30.6,16.3,1.35,23,donor_kitchen,19.23103,72.91465,34.8,10.1,1307,1441,1454,1,dinner
I054,C,50,12,300.0,30.6,16.3,1.35,24,donor_kitchen,18.92719,72.94101,18.3,10.9,1262,1378,1398,1,dinner
I054,C,50,12,300.0,30.6,16.3,1.35,25,donor_kitchen,19.15053,72.8898,11.3,8.9,1269,1432,1447,1,dinner
I054,C,50,12,300.0,30.6,16.3,1.35,26,donor_kitchen,18.93974,72.94147,12.5,10.2,857,990,1006,1,lunch
I054,C,50,12,300.0,30.6,16.3,1.35,27,donor_kitchen,18.92979,72.93124,22.9,10.4,1283,1371,1656,0,dinner
I054,C,50,12,300.0,30.6,16.3,1.35,28,donor_kitchen,19.19458,72.97071,46.8,14.2,845,976,982,0,lunch
I054,C,50,12,300.0,30.6,16.3,1.35,29,donor_kitchen,19.13984,72.96441,34.8,16.0,856,954,1164,0,lunch
I054,C,50,12,300.0,30.6,16.3,1.35,30,donor_kitchen,19.24984,72.9295,16.1,11.3,889,1000,1023,1,lunch
I054,C,50,12,300.0,30.6,16.3,1.35,31,donor_kitchen,18.95993,72.9266,9.0,8.6,873,984,1002,0,lunch
I054,C,50,12,300.0,30.6,16.3,1.35,32,donor_kitchen,19.10749,72.92736,16.4,11.8,893,974,1148,0,lunch
I054,C,50,12,300.0,30.6,16.3,1.35,33,donor_kitchen,19.17009,72.9507,45.8,11.0,864,979,1254,0,lunch
I054,C,50,12,300.0,30.6,16.3,1.35,34,donor_kitchen,19.08127,72.90148,14.1,11.3,1316,1468,1591,0,dinner
I054,C,50,12,300.0,30.6,16.3,1.35,35,donor_kitchen,19.18198,72.94915,47.3,11.5,1273,1333,1676,0,dinner
I054,C,50,12,300.0,30.6,16.3,1.35,36,donor_kitchen,19.2019,72.97038,35.2,11.4,848,980,1179,0,lunch
I054,C,50,12,300.0,30.6,16.3,1.35,37,donor_kitchen,19.24423,72.96731,56.6,13.1,870,930,1240,0,lunch
I054,C,50,12,300.0,30.6,16.3,1.35,38,donor_kitchen,18.96872,72.94663,13.4,9.9,1316,1487,1566,0,dinner
I054,C,50,12,300.0,30.6,16.3,1.35,39,donor_kitchen,19.13331,72.92071,67.2,13.1,914,1065,1057,1,lunch
I054,C,50,12,300.0,30.6,16.3,1.35,40,donor_kitchen,19.10218,72.91235,51.4,11.8,841,973,1153,0,lunch
I054,C,50,12,300.0,30.6,16.3,1.35,41,donor_kitchen,18.97958,72.92645,56.8,11.9,856,962,1120,0,lunch
I054,C,50,12,300.0,30.6,16.3,1.35,42,donor_kitchen,19.09728,72.91831,47.5,10.2,900,1005,1211,0,lunch
I054,C,50,12,300.0,30.6,16.3,1.35,43,donor_kitchen,18.97338,72.91748,20.5,10.8,886,1051,1304,0,lunch
I054,C,50,12,300.0,30.6,16.3,1.35,44,donor_kitchen,18.93952,72.92237,55.1,15.0,889,949,1045,1,lunch
I054,C,50,12,300.0,30.6,16.3,1.35,45,donor_kitchen,19.21946,72.96248,99.5,16.2,1309,1513,1439,1,dinner
I054,C,50,12,300.0,30.6,16.3,1.35,46,donor_kitchen,18.93213,72.89929,58.0,11.6,1318,1480,1650,0,dinner
I054,C,50,12,300.0,30.6,16.3,1.35,47,donor_kitchen,19.11047,72.90668,105.2,15.3,1283,1365,1503,0,dinner
I054,C,50,12,300.0,30.6,16.3,1.35,48,donor_kitchen,19.1002,72.95018,60.4,13.3,880,965,1005,1,lunch
I054,C,50,12,300.0,30.6,16.3,1.35,49,donor_kitchen,19.11999,72.91172,61.1,12.3,1309,1401,1700,0,dinner
I054,C,50,12,300.0,30.6,16.3,1.35,50,donor_kitchen,19.20508,72.96226,21.6,8.0,917,996,1058,1,lunch
I055,RC,50,13,500.0,27.8,15.8,1.35,0,depot_hub,19.19299,72.92653,0.0,0.0,0,1800,1800,0,none
I055,RC,50,13,500.0,27.8,15.8,1.35,1,donor_kitchen,19.18608,72.80246,50.9,12.1,895,971,1032,1,lunch
I055,RC,50,13,500.0,27.8,15.8,1.35,2,donor_kitchen,19.0072,72.96206,7.0,10.9,905,1037,1385,0,lunch
I055,RC,50,13,500.0,27.8,15.8,1.35,3,donor_kitchen,19.1866,72.92342,21.7,12.7,1277,1340,1420,1,dinner
I055,RC,50,13,500.0,27.8,15.8,1.35,4,donor_kitchen,19.04167,72.86572,35.7,12.1,1250,1358,1437,0,dinner
I055,RC,50,13,500.0,27.8,15.8,1.35,5,donor_kitchen,19.14125,72.82108,17.4,10.0,896,1063,1198,0,lunch
I055,RC,50,13,500.0,27.8,15.8,1.35,6,donor_kitchen,18.9941,72.8735,92.7,14.8,884,1034,1263,0,lunch
I055,RC,50,13,500.0,27.8,15.8,1.35,7,donor_kitchen,18.94037,72.80211,69.4,15.2,852,963,1005,0,lunch
I055,RC,50,13,500.0,27.8,15.8,1.35,8,donor_kitchen,19.02162,72.84907,17.0,9.6,480,570,792,0,breakfast
I055,RC,50,13,500.0,27.8,15.8,1.35,9,donor_kitchen,18.99708,72.94968,25.1,11.9,1304,1497,1592,0,dinner
I055,RC,50,13,500.0,27.8,15.8,1.35,10,donor_kitchen,19.0498,72.80724,14.2,9.4,1302,1413,1616,0,dinner
I055,RC,50,13,500.0,27.8,15.8,1.35,11,donor_kitchen,18.9854,72.93687,22.6,9.4,876,990,1356,0,lunch
I055,RC,50,13,500.0,27.8,15.8,1.35,12,donor_kitchen,19.13886,72.91941,16.4,7.0,1282,1429,1521,0,dinner
I055,RC,50,13,500.0,27.8,15.8,1.35,13,donor_kitchen,19.03693,72.87033,23.1,10.3,842,987,986,1,lunch
I055,RC,50,13,500.0,27.8,15.8,1.35,14,donor_kitchen,19.08106,72.92607,45.0,12.6,1267,1403,1394,1,dinner
I055,RC,50,13,500.0,27.8,15.8,1.35,15,donor_kitchen,19.26465,72.98823,33.4,12.5,907,1004,1342,0,lunch
I055,RC,50,13,500.0,27.8,15.8,1.35,16,donor_kitchen,18.9735,72.95522,39.9,11.8,894,996,1017,1,lunch
I055,RC,50,13,500.0,27.8,15.8,1.35,17,donor_kitchen,19.14599,72.91432,10.1,8.1,1272,1352,1392,1,dinner
I055,RC,50,13,500.0,27.8,15.8,1.35,18,donor_kitchen,18.9344,72.97612,10.6,10.4,905,965,1111,0,lunch
I055,RC,50,13,500.0,27.8,15.8,1.35,19,donor_kitchen,19.00599,72.92755,56.7,15.0,868,1008,1237,0,lunch
I055,RC,50,13,500.0,27.8,15.8,1.35,20,donor_kitchen,19.10743,72.92786,20.0,10.8,898,971,1257,0,lunch
I055,RC,50,13,500.0,27.8,15.8,1.35,21,donor_kitchen,18.98189,72.80755,37.6,12.5,544,667,1001,0,breakfast
I055,RC,50,13,500.0,27.8,15.8,1.35,22,donor_kitchen,19.14139,72.81966,34.2,9.3,1252,1353,1482,0,dinner
I055,RC,50,13,500.0,27.8,15.8,1.35,23,donor_kitchen,19.20347,72.90105,51.6,13.0,1312,1439,1547,0,dinner
I055,RC,50,13,500.0,27.8,15.8,1.35,24,donor_kitchen,19.229,72.91309,20.3,9.4,907,1004,1209,0,lunch
I055,RC,50,13,500.0,27.8,15.8,1.35,25,donor_kitchen,19.1943,72.87138,42.2,11.4,1241,1373,1625,0,dinner
I055,RC,50,13,500.0,27.8,15.8,1.35,26,donor_kitchen,19.02908,72.79292,18.4,8.5,889,988,1297,0,lunch
I055,RC,50,13,500.0,27.8,15.8,1.35,27,donor_kitchen,19.06768,72.9806,9.3,13.5,903,1025,1264,0,lunch
I055,RC,50,13,500.0,27.8,15.8,1.35,28,donor_kitchen,19.04301,72.92743,11.0,12.0,1279,1379,1534,0,dinner
I055,RC,50,13,500.0,27.8,15.8,1.35,29,donor_kitchen,19.01501,72.81883,39.2,10.8,1304,1420,1629,0,dinner
I055,RC,50,13,500.0,27.8,15.8,1.35,30,donor_kitchen,18.99603,72.87222,17.0,10.1,1259,1456,1573,0,dinner
I055,RC,50,13,500.0,27.8,15.8,1.35,31,donor_kitchen,19.01883,72.86233,17.2,9.3,1308,1457,1428,1,dinner
I055,RC,50,13,500.0,27.8,15.8,1.35,32,donor_kitchen,19.19066,72.92581,20.6,8.8,851,943,1308,0,lunch
I055,RC,50,13,500.0,27.8,15.8,1.35,33,donor_kitchen,19.03449,72.97616,32.8,8.8,1238,1359,1669,0,dinner
I055,RC,50,13,500.0,27.8,15.8,1.35,34,donor_kitchen,19.09034,72.93942,11.8,10.4,1245,1414,1476,0,dinner
I055,RC,50,13,500.0,27.8,15.8,1.35,35,donor_kitchen,19.03623,72.97162,10.4,12.5,1279,1426,1412,1,dinner
I055,RC,50,13,500.0,27.8,15.8,1.35,36,donor_kitchen,19.18944,72.95521,18.8,9.4,881,1018,1233,0,lunch
I055,RC,50,13,500.0,27.8,15.8,1.35,37,donor_kitchen,19.07518,72.93848,115.9,19.3,1285,1424,1601,0,dinner
I055,RC,50,13,500.0,27.8,15.8,1.35,38,donor_kitchen,19.14308,72.93912,46.8,12.3,1281,1445,1478,0,dinner
I055,RC,50,13,500.0,27.8,15.8,1.35,39,donor_kitchen,19.01856,72.83728,20.0,10.6,910,978,1369,0,lunch
I055,RC,50,13,500.0,27.8,15.8,1.35,40,donor_kitchen,19.1913,72.91154,20.3,8.0,1318,1442,1535,0,dinner
I055,RC,50,13,500.0,27.8,15.8,1.35,41,donor_kitchen,19.04608,72.9528,35.7,9.8,1254,1455,1592,0,dinner
I055,RC,50,13,500.0,27.8,15.8,1.35,42,donor_kitchen,19.20963,72.92043,3.0,9.8,841,901,991,0,lunch
I055,RC,50,13,500.0,27.8,15.8,1.35,43,donor_kitchen,19.18653,72.88534,22.0,7.8,1267,1447,1653,0,dinner
I055,RC,50,13,500.0,27.8,15.8,1.35,44,donor_kitchen,19.08446,72.9529,32.1,9.4,1299,1381,1469,1,dinner
I055,RC,50,13,500.0,27.8,15.8,1.35,45,donor_kitchen,18.99824,72.85323,18.2,7.8,853,978,1173,0,lunch
I055,RC,50,13,500.0,27.8,15.8,1.35,46,donor_kitchen,19.02611,72.97991,21.8,10.8,561,727,882,0,breakfast
I055,RC,50,13,500.0,27.8,15.8,1.35,47,donor_kitchen,19.05476,72.96855,9.5,10.8,878,1041,1337,0,lunch
I055,RC,50,13,500.0,27.8,15.8,1.35,48,donor_kitchen,19.05148,72.93561,73.8,14.5,554,661,1034,0,breakfast
I055,RC,50,13,500.0,27.8,15.8,1.35,49,donor_kitchen,19.01171,72.80975,14.2,8.1,1261,1416,1590,0,dinner
I055,RC,50,13,500.0,27.8,15.8,1.35,50,donor_kitchen,19.01733,72.84159,42.6,12.5,912,980,1205,0,lunch
I056,R,50,14,500.0,25.0,12.2,1.35,0,depot_hub,19.14254,72.82373,0.0,0.0,0,1800,1800,0,none
I056,R,50,14,500.0,25.0,12.2,1.35,1,donor_kitchen,19.1276,72.88364,20.5,11.2,851,1003,1018,1,lunch
I056,R,50,14,500.0,25.0,12.2,1.35,2,donor_kitchen,19.09786,72.81412,6.6,6.8,872,932,1226,0,lunch
I056,R,50,14,500.0,25.0,12.2,1.35,3,donor_kitchen,18.96461,72.95795,119.9,14.6,1236,1327,1394,1,dinner
I056,R,50,14,500.0,25.0,12.2,1.35,4,donor_kitchen,19.29804,72.9499,20.7,11.6,901,1062,1120,0,lunch
I056,R,50,14,500.0,25.0,12.2,1.35,5,donor_kitchen,19.0878,72.99822,22.0,9.4,1298,1467,1493,0,dinner
I056,R,50,14,500.0,25.0,12.2,1.35,6,donor_kitchen,18.90644,72.98172,31.3,12.1,1289,1429,1457,0,dinner
I056,R,50,14,500.0,25.0,12.2,1.35,7,donor_kitchen,19.20453,72.89899,11.7,8.1,868,946,1347,0,lunch
I056,R,50,14,500.0,25.0,12.2,1.35,8,donor_kitchen,19.11834,72.85384,34.2,10.4,844,988,1147,0,lunch
I056,R,50,14,500.0,25.0,12.2,1.35,9,donor_kitchen,19.07485,72.91043,34.3,12.6,1317,1429,1452,0,dinner
I056,R,50,14,500.0,25.0,12.2,1.35,10,donor_kitchen,18.90617,72.85374,56.2,14.4,847,907,970,0,lunch
I056,R,50,14,500.0,25.0,12.2,1.35,11,donor_kitchen,19.13455,72.94155,15.0,10.8,1304,1439,1478,1,dinner
I056,R,50,14,500.0,25.0,12.2,1.35,12,donor_kitchen,18.90993,72.9568,53.5,12.5,860,920,1291,0,lunch
I056,R,50,14,500.0,25.0,12.2,1.35,13,donor_kitchen,18.95103,72.90381,14.9,12.6,507,659,967,0,breakfast
I056,R,50,14,500.0,25.0,12.2,1.35,14,donor_kitchen,19.13727,72.9536,41.7,12.8,1251,1339,1375,0,dinner
I056,R,50,14,500.0,25.0,12.2,1.35,15,donor_kitchen,19.12107,72.9572,27.6,11.7,912,1041,1177,0,lunch
I056,R,50,14,500.0,25.0,12.2,1.35,16,donor_kitchen,19.09229,72.89732,9.9,6.1,1301,1420,1619,0,dinner
I056,R,50,14,500.0,25.0,12.2,1.35,17,donor_kitchen,19.27454,72.82319,27.0,7.1,1313,1478,1678,0,dinner
I056,R,50,14,500.0,25.0,12.2,1.35,18,donor_kitchen,19.10746,72.84413,70.8,11.3,1308,1448,1427,0,dinner
I056,R,50,14,500.0,25.0,12.2,1.35,19,donor_kitchen,19.05365,72.86805,21.3,11.2,902,982,1045,1,lunch
I056,R,50,14,500.0,25.0,12.2,1.35,20,donor_kitchen,19.18726,72.81116,22.9,12.3,1287,1498,1700,0,dinner
I056,R,50,14,500.0,25.0,12.2,1.35,21,donor_kitchen,19.1534,72.96305,23.5,9.8,1260,1344,1700,0,dinner
I056,R,50,14,500.0,25.0,12.2,1.35,22,donor_kitchen,19.11009,72.80417,33.3,9.2,491,685,787,0,breakfast
I056,R,50,14,500.0,25.0,12.2,1.35,23,donor_kitchen,19.27962,72.93224,14.7,10.4,877,1024,1292,0,lunch
I056,R,50,14,500.0,25.0,12.2,1.35,24,donor_kitchen,19.14159,72.97872,34.6,11.4,890,998,1097,0,lunch
I056,R,50,14,500.0,25.0,12.2,1.35,25,donor_kitchen,19.19521,72.93616,20.3,7.8,876,1002,1005,1,lunch
I056,R,50,14,500.0,25.0,12.2,1.35,26,donor_kitchen,18.92613,72.82745,109.0,14.1,889,982,1197,0,lunch
I056,R,50,14,500.0,25.0,12.2,1.35,27,donor_kitchen,19.01386,72.8866,34.2,14.4,1288,1445,1451,0,dinner
I056,R,50,14,500.0,25.0,12.2,1.35,28,donor_kitchen,19.05155,72.85149,30.3,9.3,845,937,983,1,lunch
I056,R,50,14,500.0,25.0,12.2,1.35,29,donor_kitchen,19.16658,72.89441,16.9,10.1,1283,1437,1438,0,dinner
I056,R,50,14,500.0,25.0,12.2,1.35,30,donor_kitchen,18.97526,72.84236,21.5,13.2,871,1007,1351,0,lunch
I056,R,50,14,500.0,25.0,12.2,1.35,31,donor_kitchen,19.18154,72.82878,52.5,10.1,1262,1415,1627,0,dinner
I056,R,50,14,500.0,25.0,12.2,1.35,32,donor_kitchen,19.26335,72.81865,63.7,12.9,1246,1308,1386,0,dinner
I056,R,50,14,500.0,25.0,12.2,1.35,33,donor_kitchen,19.14907,72.84542,48.3,14.7,1263,1468,1464,0,dinner
I056,R,50,14,500.0,25.0,12.2,1.35,34,donor_kitchen,19.16329,72.8211,10.1,11.6,1308,1419,1700,0,dinner
I056,R,50,14,500.0,25.0,12.2,1.35,35,donor_kitchen,19.22569,72.94966,37.5,11.9,1279,1394,1604,0,dinner
I056,R,50,14,500.0,25.0,12.2,1.35,36,donor_kitchen,18.95473,72.87858,16.0,9.5,897,958,1216,0,lunch
I056,R,50,14,500.0,25.0,12.2,1.35,37,donor_kitchen,19.09561,72.81098,64.1,13.5,1263,1417,1427,1,dinner
I056,R,50,14,500.0,25.0,12.2,1.35,38,donor_kitchen,19.20364,72.814,14.5,10.1,928,988,1273,0,lunch
I056,R,50,14,500.0,25.0,12.2,1.35,39,donor_kitchen,18.95879,72.9428,35.5,12.5,912,1044,1100,0,lunch
I056,R,50,14,500.0,25.0,12.2,1.35,40,donor_kitchen,19.26712,72.80126,10.8,11.6,911,1059,1037,1,lunch
I056,R,50,14,500.0,25.0,12.2,1.35,41,donor_kitchen,19.22688,72.87239,8.8,8.2,915,1048,1167,0,lunch
I056,R,50,14,500.0,25.0,12.2,1.35,42,donor_kitchen,19.16178,72.91669,11.5,9.6,545,685,1025,0,breakfast
I056,R,50,14,500.0,25.0,12.2,1.35,43,donor_kitchen,19.14477,72.95953,39.5,11.0,1291,1351,1613,0,dinner
I056,R,50,14,500.0,25.0,12.2,1.35,44,donor_kitchen,19.13499,72.85774,15.9,9.9,841,962,1009,0,lunch
I056,R,50,14,500.0,25.0,12.2,1.35,45,donor_kitchen,19.03617,72.92062,11.0,11.6,1294,1360,1700,0,dinner
I056,R,50,14,500.0,25.0,12.2,1.35,46,donor_kitchen,19.17325,72.86995,44.8,13.2,891,977,1317,0,lunch
I056,R,50,14,500.0,25.0,12.2,1.35,47,donor_kitchen,19.13105,72.83679,48.7,12.0,513,704,711,0,breakfast
I056,R,50,14,500.0,25.0,12.2,1.35,48,donor_kitchen,18.95408,72.92112,40.6,13.5,1316,1465,1700,0,dinner
I056,R,50,14,500.0,25.0,12.2,1.35,49,donor_kitchen,19.05581,72.92325,48.4,9.7,1239,1335,1700,0,dinner
I056,R,50,14,500.0,25.0,12.2,1.35,50,donor_kitchen,19.16534,72.85835,23.2,11.3,1314,1494,1472,1,dinner
I057,C,50,12,300.0,25.3,14.1,1.35,0,depot_hub,19.04478,72.97159,0.0,0.0,0,1800,1800,0,none
I057,C,50,12,300.0,25.3,14.1,1.35,1,donor_kitchen,19.00132,72.88738,58.6,13.5,1300,1422,1424,0,dinner
I057,C,50,12,300.0,25.3,14.1,1.35,2,donor_kitchen,19.02339,72.8491,15.0,7.5,843,903,1323,0,lunch
I057,C,50,12,300.0,25.3,14.1,1.35,3,donor_kitchen,19.21143,72.88634,13.5,10.0,862,951,1192,0,lunch
I057,C,50,12,300.0,25.3,14.1,1.35,4,donor_kitchen,18.97057,72.85888,16.5,12.3,909,990,1043,1,lunch
I057,C,50,12,300.0,25.3,14.1,1.35,5,donor_kitchen,19.21188,72.92057,26.0,11.2,528,665,795,0,breakfast
I057,C,50,12,300.0,25.3,14.1,1.35,6,donor_kitchen,19.0116,72.88792,29.3,11.3,548,637,834,0,breakfast
I057,C,50,12,300.0,25.3,14.1,1.35,7,donor_kitchen,19.00555,72.88024,15.1,9.7,851,1015,1152,0,lunch
I057,C,50,12,300.0,25.3,14.1,1.35,8,donor_kitchen,18.97395,72.90794,18.9,9.4,536,708,801,0,breakfast
I057,C,50,12,300.0,25.3,14.1,1.35,9,donor_kitchen,18.97722,72.88146,138.4,15.9,880,1006,1201,0,lunch
I057,C,50,12,300.0,25.3,14.1,1.35,10,donor_kitchen,18.99643,72.92296,13.8,10.3,843,978,1216,0,lunch
I057,C,50,12,300.0,25.3,14.1,1.35,11,donor_kitchen,18.99664,72.87414,39.5,11.3,1305,1390,1508,0,dinner
I057,C,50,12,300.0,25.3,14.1,1.35,12,donor_kitchen,19.21977,72.89821,48.7,12.2,1235,1341,1516,0,dinner
I057,C,50,12,300.0,25.3,14.1,1.35,13,donor_kitchen,18.99058,72.88034,11.7,11.1,874,1021,1039,1,lunch
I057,C,50,12,300.0,25.3,14.1,1.35,14,donor_kitchen,18.92513,72.92509,20.7,11.0,1294,1433,1523,0,dinner
I057,C,50,12,300.0,25.3,14.1,1.35,15,donor_kitchen,19.19656,72.89994,8.0,9.2,1289,1349,1700,0,dinner
I057,C,50,12,300.0,25.3,14.1,1.35,16,donor_kitchen,18.98188,72.86431,22.1,12.5,1275,1412,1513,0,dinner
I057,C,50,12,300.0,25.3,14.1,1.35,17,donor_kitchen,19.17824,72.86571,12.4,8.9,872,992,1129,0,lunch
I057,C,50,12,300.0,25.3,14.1,1.35,18,donor_kitchen,18.99556,72.89756,6.3,7.6,927,1000,1242,0,lunch
I057,C,50,12,300.0,25.3,14.1,1.35,19,donor_kitchen,19.20168,72.85795,17.5,9.7,915,1070,1067,0,lunch
I057,C,50,12,300.0,25.3,14.1,1.35,20,donor_kitchen,19.00087,72.89609,24.4,9.8,899,1004,1238,0,lunch
I057,C,50,12,300.0,25.3,14.1,1.35,21,donor_kitchen,19.19845,72.91551,44.3,11.0,898,1014,1149,0,lunch
I057,C,50,12,300.0,25.3,14.1,1.35,22,donor_kitchen,18.96432,72.91768,18.5,11.3,843,1000,1182,0,lunch
I057,C,50,12,300.0,25.3,14.1,1.35,23,donor_kitchen,19.01214,72.92438,31.2,9.7,1294,1427,1579,0,dinner
I057,C,50,12,300.0,25.3,14.1,1.35,24,donor_kitchen,19.24227,72.9239,58.6,11.3,894,956,1148,0,lunch
I057,C,50,12,300.0,25.3,14.1,1.35,25,donor_kitchen,19.01224,72.91131,4.1,9.6,920,1026,1132,0,lunch
I057,C,50,12,300.0,25.3,14.1,1.35,26,donor_kitchen,18.98301,72.89538,41.5,11.6,914,974,1394,0,lunch
I057,C,50,12,300.0,25.3,14.1,1.35,27,donor_kitchen,19.20878,72.89611,31.6,10.4,1302,1417,1700,0,dinner
I057,C,50,12,300.0,25.3,14.1,1.35,28,donor_kitchen,19.22265,72.86274,17.1,8.8,1265,1405,1596,0,dinner
I057,C,50,12,300.0,25.3,14.1,1.35,29,donor_kitchen,19.19063,72.94586,32.8,9.7,844,988,967,1,lunch
I057,C,50,12,300.0,25.3,14.1,1.35,30,donor_kitchen,19.00923,72.8778,12.9,9.7,896,1111,1149,0,lunch
I057,C,50,12,300.0,25.3,14.1,1.35,31,donor_kitchen,19.02322,72.89307,18.1,12.5,843,941,1033,0,lunch
I057,C,50,12,300.0,25.3,14.1,1.35,32,donor_kitchen,19.01801,72.87777,72.1,16.4,1230,1352,1386,0,dinner
I057,C,50,12,300.0,25.3,14.1,1.35,33,donor_kitchen,19.19447,72.92628,32.7,10.1,871,974,1103,0,lunch
I057,C,50,12,300.0,25.3,14.1,1.35,34,donor_kitchen,18.9908,72.89411,18.7,11.5,850,932,988,0,lunch
I057,C,50,12,300.0,25.3,14.1,1.35,35,donor_kitchen,18.94012,72.87423,17.8,9.4,851,943,1146,0,lunch
I057,C,50,12,300.0,25.3,14.1,1.35,36,donor_kitchen,18.96613,72.85893,44.9,12.1,1234,1391,1618,0,dinner
I057,C,50,12,300.0,25.3,14.1,1.35,37,donor_kitchen,19.21069,72.90289,52.9,10.2,1242,1327,1577,0,dinner
I057,C,50,12,300.0,25.3,14.1,1.35,38,donor_kitchen,19.20137,72.88568,14.5,9.4,879,1024,1088,0,lunch
I057,C,50,12,300.0,25.3,14.1,1.35,39,donor_kitchen,19.19902,72.92057,15.9,6.0,1241,1317,1603,0,dinner
I057,C,50,12,300.0,25.3,14.1,1.35,40,donor_kitchen,19.04555,72.94364,20.3,10.3,862,954,1038,0,lunch
I057,C,50,12,300.0,25.3,14.1,1.35,41,donor_kitchen,19.19501,72.90824,11.8,7.2,1303,1438,1453,0,dinner
I057,C,50,12,300.0,25.3,14.1,1.35,42,donor_kitchen,18.97257,72.92474,19.3,11.3,1252,1414,1458,0,dinner
I057,C,50,12,300.0,25.3,14.1,1.35,43,donor_kitchen,19.22661,72.88963,104.9,13.6,840,1008,1013,1,lunch
I057,C,50,12,300.0,25.3,14.1,1.35,44,donor_kitchen,19.0023,72.88636,43.9,14.1,927,1043,1407,0,lunch
I057,C,50,12,300.0,25.3,14.1,1.35,45,donor_kitchen,19.00509,72.85128,32.4,10.8,1259,1350,1503,0,dinner
I057,C,50,12,300.0,25.3,14.1,1.35,46,donor_kitchen,19.22347,72.90689,9.6,8.7,884,966,1068,0,lunch
I057,C,50,12,300.0,25.3,14.1,1.35,47,donor_kitchen,19.00301,72.886,45.2,11.9,897,1030,1047,0,lunch
I057,C,50,12,300.0,25.3,14.1,1.35,48,donor_kitchen,18.98277,72.91527,102.3,16.2,1309,1470,1700,0,dinner
I057,C,50,12,300.0,25.3,14.1,1.35,49,donor_kitchen,19.19481,72.92388,10.0,9.9,896,1026,1220,0,lunch
I057,C,50,12,300.0,25.3,14.1,1.35,50,donor_kitchen,18.98257,72.87588,49.9,13.8,911,1062,1142,0,lunch
I058,R,50,15,150.0,27.6,17.2,1.35,0,depot_hub,19.16768,72.93959,0.0,0.0,0,1800,1800,0,none
I058,R,50,15,150.0,27.6,17.2,1.35,1,donor_kitchen,19.138,72.88582,12.7,9.1,1277,1422,1483,0,dinner
I058,R,50,15,150.0,27.6,17.2,1.35,2,donor_kitchen,19.28238,72.80263,31.6,12.5,1246,1317,1439,0,dinner
I058,R,50,15,150.0,27.6,17.2,1.35,3,donor_kitchen,19.00612,72.94286,32.9,12.3,925,1018,1092,0,lunch
I058,R,50,15,150.0,27.6,17.2,1.35,4,donor_kitchen,19.02706,72.95338,17.4,8.9,552,660,818,0,breakfast
I058,R,50,15,150.0,27.6,17.2,1.35,5,donor_kitchen,19.23762,72.93664,7.8,9.8,1302,1448,1433,1,dinner
I058,R,50,15,150.0,27.6,17.2,1.35,6,donor_kitchen,19.19599,72.88524,89.4,14.0,925,985,1281,0,lunch
I058,R,50,15,150.0,27.6,17.2,1.35,7,donor_kitchen,18.93143,72.99695,8.2,10.5,1235,1387,1474,0,dinner
I058,R,50,15,150.0,27.6,17.2,1.35,8,donor_kitchen,19.04438,72.97217,14.7,10.8,899,1047,1311,0,lunch
I058,R,50,15,150.0,27.6,17.2,1.35,9,donor_kitchen,18.97344,72.87957,46.4,12.0,1266,1399,1452,0,dinner
I058,R,50,15,150.0,27.6,17.2,1.35,10,donor_kitchen,19.13888,72.83405,12.0,9.9,1260,1357,1471,0,dinner
I058,R,50,15,150.0,27.6,17.2,1.35,11,donor_kitchen,19.26224,72.86226,5.9,9.2,842,942,977,0,lunch
I058,R,50,15,150.0,27.6,17.2,1.35,12,donor_kitchen,19.2625,72.96025,19.7,13.2,871,951,1321,0,lunch
I058,R,50,15,150.0,27.6,17.2,1.35,13,donor_kitchen,19.15093,72.83421,16.0,8.7,887,1038,1092,0,lunch
I058,R,50,15,150.0,27.6,17.2,1.35,14,donor_kitchen,18.98545,72.97638,37.4,12.1,1246,1319,1482,0,dinner
I058,R,50,15,150.0,27.6,17.2,1.35,15,donor_kitchen,18.91632,72.94467,17.1,9.2,890,1059,1370,0,lunch
I058,R,50,15,150.0,27.6,17.2,1.35,16,donor_kitchen,19.09668,72.85132,48.5,9.7,877,1027,1155,0,lunch
I058,R,50,15,150.0,27.6,17.2,1.35,17,donor_kitchen,19.26277,72.97046,29.6,12.2,1264,1383,1458,0,dinner
I058,R,50,15,150.0,27.6,17.2,1.35,18,donor_kitchen,19.04829,72.89116,34.0,14.1,1248,1363,1658,0,dinner
I058,R,50,15,150.0,27.6,17.2,1.35,19,donor_kitchen,19.06712,72.92983,24.5,10.4,513,585,852,0,breakfast
I058,R,50,15,150.0,27.6,17.2,1.35,20,donor_kitchen,18.99668,72.96202,43.8,12.2,860,1006,1001,1,lunch
I058,R,50,15,150.0,27.6,17.2,1.35,21,donor_kitchen,19.23804,72.93293,26.1,11.0,908,1028,1372,0,lunch
I058,R,50,15,150.0,27.6,17.2,1.35,22,donor_kitchen,18.94469,72.90602,39.5,10.7,1249,1309,1564,0,dinner
I058,R,50,15,150.0,27.6,17.2,1.35,23,donor_kitchen,19.18155,72.97372,26.7,10.9,871,931,1181,0,lunch
I058,R,50,15,150.0,27.6,17.2,1.35,24,donor_kitchen,19.27779,72.91386,21.7,12.9,1278,1338,1567,0,dinner
I058,R,50,15,150.0,27.6,17.2,1.35,25,donor_kitchen,19.08218,72.84415,43.9,12.6,841,991,1079,0,lunch
I058,R,50,15,150.0,27.6,17.2,1.35,26,donor_kitchen,19.13524,72.83591,18.9,8.9,907,1070,1108,0,lunch
I058,R,50,15,150.0,27.6,17.2,1.35,27,donor_kitchen,19.27899,72.93515,8.4,9.1,1318,1411,1665,0,dinner
I058,R,50,15,150.0,27.6,17.2,1.35,28,donor_kitchen,19.10615,72.84263,39.5,13.7,876,1013,1035,1,lunch
I058,R,50,15,150.0,27.6,17.2,1.35,29,donor_kitchen,19.08005,72.82563,66.0,11.9,507,608,884,0,breakfast
I058,R,50,15,150.0,27.6,17.2,1.35,30,donor_kitchen,18.95645,72.95364,22.3,10.1,1272,1417,1425,1,dinner
I058,R,50,15,150.0,27.6,17.2,1.35,31,donor_kitchen,18.97325,72.96643,20.3,9.4,522,676,709,0,breakfast
I058,R,50,15,150.0,27.6,17.2,1.35,32,donor_kitchen,19.11349,72.83818,32.4,13.3,1309,1461,1700,0,dinner
I058,R,50,15,150.0,27.6,17.2,1.35,33,donor_kitchen,19.12126,72.95096,112.9,17.6,870,961,1034,1,lunch
I058,R,50,15,150.0,27.6,17.2,1.35,34,donor_kitchen,19.06796,72.97571,9.2,8.8,866,1011,1146,0,lunch
I058,R,50,15,150.0,27.6,17.2,1.35,35,donor_kitchen,19.20482,72.891,32.9,12.9,1281,1496,1423,1,dinner
I058,R,50,15,150.0,27.6,17.2,1.35,36,donor_kitchen,19.14134,72.9166,21.5,12.9,921,1057,1063,0,lunch
I058,R,50,15,150.0,27.6,17.2,1.35,37,donor_kitchen,19.12143,72.88985,84.7,16.9,925,1029,1063,1,lunch
I058,R,50,15,150.0,27.6,17.2,1.35,38,donor_kitchen,19.08777,72.84943,42.6,12.7,1317,1454,1604,0,dinner
I058,R,50,15,150.0,27.6,17.2,1.35,39,donor_kitchen,19.28723,72.82122,26.6,8.8,1270,1351,1546,0,dinner
I058,R,50,15,150.0,27.6,17.2,1.35,40,donor_kitchen,19.02653,72.94049,36.3,11.4,899,1021,1152,0,lunch
I058,R,50,15,150.0,27.6,17.2,1.35,41,donor_kitchen,18.92624,72.82328,37.7,11.7,878,976,1070,0,lunch
I058,R,50,15,150.0,27.6,17.2,1.35,42,donor_kitchen,19.18272,72.82246,135.0,18.4,848,984,1168,0,lunch
I058,R,50,15,150.0,27.6,17.2,1.35,43,donor_kitchen,19.03362,72.99946,18.3,11.6,1302,1464,1533,0,dinner
I058,R,50,15,150.0,27.6,17.2,1.35,44,donor_kitchen,19.04089,72.94282,12.2,10.9,841,981,998,0,lunch
I058,R,50,15,150.0,27.6,17.2,1.35,45,donor_kitchen,18.91869,72.9903,8.0,8.8,875,996,1128,0,lunch
I058,R,50,15,150.0,27.6,17.2,1.35,46,donor_kitchen,19.09582,72.91282,30.1,11.8,913,1027,1085,0,lunch
I058,R,50,15,150.0,27.6,17.2,1.35,47,donor_kitchen,19.24355,72.96573,7.2,8.6,917,1083,1055,0,lunch
I058,R,50,15,150.0,27.6,17.2,1.35,48,donor_kitchen,19.06339,72.82942,47.9,12.0,849,913,983,1,lunch
I058,R,50,15,150.0,27.6,17.2,1.35,49,donor_kitchen,19.14376,72.89967,26.0,11.1,1267,1424,1700,0,dinner
I058,R,50,15,150.0,27.6,17.2,1.35,50,donor_kitchen,19.00547,72.82467,29.0,12.5,1307,1403,1602,0,dinner
I059,RC,50,13,300.0,26.5,14.9,1.35,0,depot_hub,19.04006,72.88683,0.0,0.0,0,1800,1800,0,none
I059,RC,50,13,300.0,26.5,14.9,1.35,1,donor_kitchen,19.0299,72.83925,73.8,14.1,1244,1369,1370,1,dinner
I059,RC,50,13,300.0,26.5,14.9,1.35,2,donor_kitchen,18.91812,72.92576,10.0,9.8,844,938,1224,0,lunch
I059,RC,50,13,300.0,26.5,14.9,1.35,3,donor_kitchen,19.13276,72.81871,24.1,12.7,538,623,824,0,breakfast
I059,RC,50,13,300.0,26.5,14.9,1.35,4,donor_kitchen,18.92748,72.99188,21.0,11.9,864,1016,1063,0,lunch
I059,RC,50,13,300.0,26.5,14.9,1.35,5,donor_kitchen,18.91735,72.94667,29.1,11.4,1271,1355,1545,0,dinner
I059,RC,50,13,300.0,26.5,14.9,1.35,6,donor_kitchen,18.95798,72.85233,9.1,7.8,1256,1344,1678,0,dinner
I059,RC,50,13,300.0,26.5,14.9,1.35,7,donor_kitchen,19.06137,72.84109,23.0,9.7,883,977,1334,0,lunch
I059,RC,50,13,300.0,26.5,14.9,1.35,8,donor_kitchen,19.25786,72.88253,17.5,8.7,1252,1360,1373,1,dinner
I059,RC,50,13,300.0,26.5,14.9,1.35,9,donor_kitchen,19.13014,72.89097,24.6,12.4,1237,1446,1700,0,dinner
I059,RC,50,13,300.0,26.5,14.9,1.35,10,donor_kitchen,19.06684,72.95012,44.3,12.6,540,683,710,1,breakfast
I059,RC,50,13,300.0,26.5,14.9,1.35,11,donor_kitchen,18.98563,72.9167,11.7,7.6,840,909,965,1,lunch
I059,RC,50,13,300.0,26.5,14.9,1.35,12,donor_kitchen,19.15031,72.90655,98.3,17.3,843,983,1121,0,lunch
I059,RC,50,13,300.0,26.5,14.9,1.35,13,donor_kitchen,19.08795,72.82252,16.2,9.0,1307,1408,1641,0,dinner
I059,RC,50,13,300.0,26.5,14.9,1.35,14,donor_kitchen,19.1649,72.81828,20.6,10.6,544,735,808,0,breakfast
I059,RC,50,13,300.0,26.5,14.9,1.35,15,donor_kitchen,19.12605,72.82164,65.8,12.9,1256,1393,1550,0,dinner
I059,RC,50,13,300.0,26.5,14.9,1.35,16,donor_kitchen,19.09815,72.85773,23.5,10.1,868,1023,1152,0,lunch
I059,RC,50,13,300.0,26.5,14.9,1.35,17,donor_kitchen,19.24277,72.90653,23.8,10.8,528,667,1008,0,breakfast
I059,RC,50,13,300.0,26.5,14.9,1.35,18,donor_kitchen,19.28107,72.83859,14.2,11.9,874,1049,1352,0,lunch
I059,RC,50,13,300.0,26.5,14.9,1.35,19,donor_kitchen,18.96542,72.80161,9.3,8.5,881,970,1255,0,lunch
I059,RC,50,13,300.0,26.5,14.9,1.35,20,donor_kitchen,19.29435,72.86072,27.7,9.9,1303,1439,1564,0,dinner
I059,RC,50,13,300.0,26.5,14.9,1.35,21,donor_kitchen,19.01207,72.87889,6.1,9.6,857,949,1012,0,lunch
I059,RC,50,13,300.0,26.5,14.9,1.35,22,donor_kitchen,18.9486,72.84784,34.3,12.2,852,1050,1306,0,lunch
I059,RC,50,13,300.0,26.5,14.9,1.35,23,donor_kitchen,19.009,72.99211,20.0,10.5,868,1002,1187,0,lunch
I059,RC,50,13,300.0,26.5,14.9,1.35,24,donor_kitchen,19.0373,72.90571,68.8,14.9,850,1021,1243,0,lunch
I059,RC,50,13,300.0,26.5,14.9,1.35,25,donor_kitchen,19.23973,72.98372,35.6,15.1,1232,1360,1472,0,dinner
I059,RC,50,13,300.0,26.5,14.9,1.35,26,donor_kitchen,19.07762,73.0023,30.8,10.7,1289,1349,1700,0,dinner
I059,RC,50,13,300.0,26.5,14.9,1.35,27,donor_kitchen,19.12342,72.92807,13.5,11.7,866,1006,1097,0,lunch
I059,RC,50,13,300.0,26.5,14.9,1.35,28,donor_kitchen,19.24876,72.95733,11.1,8.0,1280,1390,1627,0,dinner
I059,RC,50,13,300.0,26.5,14.9,1.35,29,donor_kitchen,19.23627,72.93376,9.4,9.4,1279,1353,1517,0,dinner
I059,RC,50,13,300.0,26.5,14.9,1.35,30,donor_kitchen,19.02478,72.93052,7.6,8.9,1310,1430,1489,1,dinner
I059,RC,50,13,300.0,26.5,14.9,1.35,31,donor_kitchen,19.22992,72.96384,20.1,10.0,1248,1375,1547,0,dinner
I059,RC,50,13,300.0,26.5,14.9,1.35,32,donor_kitchen,19.19606,72.9604,16.3,10.1,1316,1462,1565,0,dinner
I059,RC,50,13,300.0,26.5,14.9,1.35,33,donor_kitchen,19.17935,72.90352,42.0,14.6,1271,1463,1640,0,dinner
I059,RC,50,13,300.0,26.5,14.9,1.35,34,donor_kitchen,19.05854,72.96205,54.9,11.0,900,1040,1040,1,lunch
I059,RC,50,13,300.0,26.5,14.9,1.35,35,donor_kitchen,18.98698,72.93791,40.3,9.8,1243,1367,1407,0,dinner
I059,RC,50,13,300.0,26.5,14.9,1.35,36,donor_kitchen,19.25283,72.94729,21.0,11.7,1313,1410,1450,0,dinner
I059,RC,50,13,300.0,26.5,14.9,1.35,37,donor_kitchen,19.13101,72.89872,46.3,13.8,1303,1444,1476,0,dinner
I059,RC,50,13,300.0,26.5,14.9,1.35,38,donor_kitchen,18.98228,72.9703,21.7,10.8,1250,1385,1505,0,dinner
I059,RC,50,13,300.0,26.5,14.9,1.35,39,donor_kitchen,19.12662,72.92548,18.1,12.0,878,951,1106,0,lunch
I059,RC,50,13,300.0,26.5,14.9,1.35,40,donor_kitchen,19.07604,72.94631,19.2,9.2,855,949,998,1,lunch
I059,RC,50,13,300.0,26.5,14.9,1.35,41,donor_kitchen,19.04017,72.93164,28.2,12.8,883,970,1234,0,lunch
I059,RC,50,13,300.0,26.5,14.9,1.35,42,donor_kitchen,19.05745,72.92999,16.0,9.8,1252,1369,1413,1,dinner
I059,RC,50,13,300.0,26.5,14.9,1.35,43,donor_kitchen,19.13418,72.9569,43.3,13.9,888,1020,1033,0,lunch
I059,RC,50,13,300.0,26.5,14.9,1.35,44,donor_kitchen,19.0822,72.95791,114.0,16.7,848,910,1116,0,lunch
I059,RC,50,13,300.0,26.5,14.9,1.35,45,donor_kitchen,19.21843,72.96767,14.1,11.2,896,1016,1244,0,lunch
I059,RC,50,13,300.0,26.5,14.9,1.35,46,donor_kitchen,19.14142,72.92808,15.5,9.8,1302,1396,1637,0,dinner
I059,RC,50,13,300.0,26.5,14.9,1.35,47,donor_kitchen,19.01631,72.91153,7.3,6.7,864,994,1030,0,lunch
I059,RC,50,13,300.0,26.5,14.9,1.35,48,donor_kitchen,19.15667,72.92625,3.0,7.9,1241,1346,1475,0,dinner
I059,RC,50,13,300.0,26.5,14.9,1.35,49,donor_kitchen,19.04277,72.97344,27.6,11.0,867,984,1114,0,lunch
I059,RC,50,13,300.0,26.5,14.9,1.35,50,donor_kitchen,19.21563,72.95819,16.7,11.5,1261,1354,1403,1,dinner
